id,timestamp,bacia,num_pocos,profundidade_media,lamina_agua,distancia_costa,tipo_instalacao,tecnica_selecionada,custo_total_usd,custo_pa_usd,custo_remocao_usd,custo_mobilizacao_usd,duracao_meses,num_riscos_altos,prob_aprovacao_anp,completude_pct,complexidade,classe_profundidade,classe_lamina,classe_distancia
PDI_20251008_5506,2025-10-08T14:44:10.873521,Bacia de Santos,7,3223.23,2505.26,286.15,plataforma_fixa,remocao_completa,657.03,230.71,173.48,59.6,20,4,0.884,97.7,2.91,profundo,profunda,distante
PDI_20251008_3286,2025-10-08T14:44:10.873676,Bacia de Sergipe-Alagoas,12,2558.63,497.27,115.83,fpso,corte_afundamento,849.97,238.35,411.05,89.97,18,0,0.627,75.8,1.83,intermediario,rasa,media
PDI_20251008_2424,2025-10-08T14:44:10.873792,Bacia de Santos,8,4084.99,1595.75,372.58,dutos,remocao_parcial,868.55,465.71,14.17,64.86,20,4,0.708,87.6,2.84,profundo,profunda,muitoDistante
PDI_20251008_1488,2025-10-08T14:44:10.873898,Bacia de Camamu-Almada,7,2407.31,1142.85,102.68,plataforma_fixa,leave_in_place,358.68,184.45,100.3,41.81,9,6,0.679,77.3,1.61,intermediario,media,media
PDI_20251008_4811,2025-10-08T14:44:10.874012,Bacia de Santos,10,3234.46,1642.82,11.97,fpso,remocao_completa,1715.39,546.57,548.95,149.12,33,5,0.845,85.7,1.86,profundo,profunda,proxima
PDI_20251008_1434,2025-10-08T14:44:10.874118,Bacia do Solimões,8,1586.59,119.27,232.32,dutos,remocao_completa,252.23,165.81,10.95,18.51,15,3,0.897,95.6,1.63,intermediario,rasa,distante
PDI_20251008_9928,2025-10-08T14:44:10.874220,Bacia do Solimões,6,1522.79,67.42,220.85,fpso,rigs_to_reefs,813.73,56.42,458.09,58.65,9,2,0.702,93.9,1.37,intermediario,rasa,distante
PDI_20251008_8359,2025-10-08T14:44:10.874309,Bacia de Camamu-Almada,3,2466.29,1032.39,194.93,fpso,remocao_completa,787.95,78.15,502.86,77.24,8,0,0.925,98.5,1.47,intermediario,media,distante
PDI_20251008_3615,2025-10-08T14:44:10.874417,Bacia Potiguar,10,1341.92,884.3,37.76,plataforma_fixa,remocao_completa,295.2,151.31,75.62,32.85,28,1,0.925,98.8,1.57,raso,media,proxima
PDI_20251008_5552,2025-10-08T14:44:10.874523,Bacia de Camamu-Almada,9,1936.29,590.26,224.32,manifold,leave_in_place,238.9,172.68,8.76,23.21,10,1,0.524,76.4,1.94,intermediario,media,distante
PDI_20251008_6514,2025-10-08T14:44:10.874645,Bacia do Espírito Santo,9,2241.79,1095.05,397.26,fpso,remocao_completa,1014.44,213.36,426.54,87.21,24,2,0.978,95.3,2.77,intermediario,media,muitoDistante
PDI_20251008_7224,2025-10-08T14:44:10.874754,Bacia de Santos,9,3289.98,2002.62,309.91,plataforma_fixa,remocao_parcial,1003.41,481.74,167.19,89.39,25,1,0.759,89.7,2.93,profundo,profunda,muitoDistante
PDI_20251008_6635,2025-10-08T14:44:10.874861,Bacia de Santos,10,2988.23,2398.2,110.72,manifold,leave_in_place,471.23,313.96,8.69,32.9,15,6,0.597,84.3,2.57,intermediario,profunda,media
PDI_20251008_8527,2025-10-08T14:44:10.874957,Bacia Potiguar,6,2545.93,893.38,209.55,plataforma_fixa,leave_in_place,356.08,109.42,173.72,35.92,7,2,0.753,89.3,1.75,intermediario,media,distante
PDI_20251008_7201,2025-10-08T14:44:10.875048,Bacia do Solimões,5,1174.68,75.64,82.76,plataforma_fixa,remocao_completa,324.41,31.99,188.73,30.56,10,1,0.743,90.3,0.81,raso,rasa,media
PDI_20251008_5803,2025-10-08T14:44:10.875139,Bacia de Santos,5,3604.31,1569.79,34.72,dutos,remocao_parcial,514.71,300.99,18.94,47.0,10,3,0.533,79.1,1.4,profundo,profunda,proxima
PDI_20251008_4150,2025-10-08T14:44:10.875249,Bacia do Ceará,10,2830.96,546.94,206.06,dutos,remocao_completa,400.24,301.73,20.98,34.06,26,3,0.804,91.0,1.96,intermediario,media,distante
PDI_20251008_4733,2025-10-08T14:44:10.875348,Bacia de Santos,7,3523.49,1972.21,69.81,plataforma_fixa,leave_in_place,1161.67,465.07,240.11,74.91,9,2,0.851,95.1,1.92,profundo,profunda,media
PDI_20251008_4814,2025-10-08T14:44:10.875454,Bacia Potiguar,9,1893.27,462.37,78.79,plataforma_fixa,remocao_completa,243.98,139.33,62.31,24.73,24,2,0.899,98.7,1.39,intermediario,rasa,media
PDI_20251008_5554,2025-10-08T14:44:10.875545,Bacia de Santos,4,3388.25,1613.67,266.98,arvore_natal,remocao_completa,333.31,220.92,3.33,26.88,9,1,0.505,80.2,2.1,profundo,profunda,distante
PDI_20251008_3664,2025-10-08T14:44:10.875649,Bacia do Recôncavo,8,721.69,130.3,253.42,manifold,remocao_completa,78.94,60.07,12.41,8.23,15,5,0.68,78.4,1.71,raso,rasa,distante
PDI_20251008_4432,2025-10-08T14:44:10.875755,Bacia do Ceará,10,2510.6,582.28,42.29,manifold,leave_in_place,327.99,240.65,10.63,35.42,14,2,0.69,78.4,1.43,intermediario,media,proxima
PDI_20251008_3803,2025-10-08T14:44:10.875861,Bacia Potiguar,10,1284.07,782.63,395.19,plataforma_fixa,remocao_parcial,282.22,133.76,118.06,36.34,22,7,0.772,85.0,2.71,raso,media,muitoDistante
PDI_20251008_3677,2025-10-08T14:44:10.875963,Bacia do Solimões,9,827.77,54.07,125.56,fpso,remocao_completa,1072.38,52.2,648.65,101.06,24,3,0.545,80.6,1.35,raso,rasa,media
PDI_20251008_5422,2025-10-08T14:44:10.876061,Bacia do Recôncavo,7,1234.5,114.29,265.54,arvore_natal,remocao_completa,53.12,37.95,3.3,5.48,19,5,0.854,96.8,1.64,raso,rasa,distante
PDI_20251008_6313,2025-10-08T14:44:10.876161,Bacia do Solimões,8,1595.55,102.32,256.41,fpso,remocao_completa,1210.71,127.48,577.58,101.23,15,2,0.598,83.1,1.71,intermediario,rasa,distante
PDI_20251008_1525,2025-10-08T14:44:10.876266,Bacia de Campos,8,3518.91,2493.65,96.1,fpso,remocao_completa,1559.34,428.27,602.6,152.99,33,5,0.819,90.4,2.37,profundo,profunda,media
PDI_20251008_5386,2025-10-08T14:44:10.876361,Bacia do Ceará,5,2175.91,370.77,35.04,arvore_natal,rigs_to_reefs,102.52,72.93,2.64,9.44,7,0,0.713,87.9,0.8,intermediario,rasa,proxima
PDI_20251008_6155,2025-10-08T14:44:10.876447,Bacia de Santos,3,3340.37,1499.19,231.34,fpso,leave_in_place,925.11,147.6,379.37,71.38,5,2,0.823,88.7,1.82,profundo,media,distante
PDI_20251008_7482,2025-10-08T14:44:10.876543,Bacia de Sergipe-Alagoas,6,1809.15,654.83,350.0,arvore_natal,remocao_completa,174.74,134.48,3.23,18.88,15,4,0.831,87.2,2.09,intermediario,media,muitoDistante
PDI_20251008_5339,2025-10-08T14:44:10.876671,Bacia do Recôncavo,10,1747.02,113.03,80.08,fpso,remocao_completa,750.71,122.2,555.12,76.16,26,1,0.771,91.6,1.32,intermediario,rasa,media
PDI_20251008_9830,2025-10-08T14:44:10.876771,Bacia do Espírito Santo,7,2229.03,593.74,375.28,fpso,remocao_completa,789.0,152.57,378.79,71.03,19,8,0.705,89.3,2.25,intermediario,media,muitoDistante
PDI_20251008_8019,2025-10-08T14:44:10.876891,Bacia Potiguar,8,3962.65,1101.54,315.13,dutos,leave_in_place,500.6,387.17,10.9,44.33,10,6,0.58,84.5,2.4,profundo,media,muitoDistante
PDI_20251008_4593,2025-10-08T14:44:10.876998,Bacia de Camamu-Almada,8,1335.97,1027.68,104.96,manifold,remocao_parcial,133.03,83.79,7.59,9.63,20,3,0.928,98.8,1.66,raso,media,media
PDI_20251008_9085,2025-10-08T14:44:10.877101,Bacia do Espírito Santo,9,1247.91,1024.15,117.17,dutos,remocao_parcial,159.07,86.34,18.14,12.56,23,2,0.741,89.5,1.8,raso,media,media
PDI_20251008_2796,2025-10-08T14:44:10.877189,Bacia de Santos,4,2119.38,1644.35,148.45,plataforma_fixa,remocao_completa,337.92,111.53,119.87,29.59,11,4,0.59,77.4,1.72,intermediario,profunda,media
PDI_20251008_7916,2025-10-08T14:44:10.877288,Bacia do Espírito Santo,8,2927.86,842.52,213.17,fpso,leave_in_place,1119.55,250.98,553.64,114.72,9,7,0.639,79.3,1.93,intermediario,media,distante
PDI_20251008_7252,2025-10-08T14:44:10.877399,Bacia de Santos,11,979.43,2031.98,67.09,arvore_natal,remocao_completa,143.0,83.46,3.12,10.94,43,5,0.583,75.3,2.34,raso,profunda,media
PDI_20251008_5119,2025-10-08T14:44:10.877483,Bacia do Recôncavo,3,1186.04,72.69,218.77,dutos,remocao_completa,27.36,14.07,9.81,3.27,7,5,0.738,85.9,1.07,raso,rasa,distante
PDI_20251008_2876,2025-10-08T14:44:10.877584,Bacia do Solimões,9,1516.0,62.33,68.57,plataforma_fixa,rigs_to_reefs,173.09,67.38,59.19,16.61,17,4,0.744,95.0,1.16,intermediario,rasa,media
PDI_20251008_6573,2025-10-08T14:44:10.877696,Bacia do Solimões,10,1859.48,47.76,181.37,manifold,rigs_to_reefs,252.69,149.02,7.29,17.3,17,4,0.933,96.8,1.63,intermediario,rasa,distante
PDI_20251008_8123,2025-10-08T14:44:10.877784,Bacia de Santos,4,3024.25,2414.23,396.81,manifold,remocao_completa,240.38,143.41,6.53,20.58,15,6,0.927,97.2,2.93,profundo,profunda,muitoDistante
PDI_20251008_1053,2025-10-08T14:44:10.877873,Bacia do Espírito Santo,4,2466.76,342.3,319.74,arvore_natal,remocao_completa,191.22,124.27,2.58,13.06,8,3,0.713,85.9,1.64,intermediario,rasa,muitoDistante
PDI_20251008_3927,2025-10-08T14:44:10.877989,Bacia Potiguar,10,3331.97,1144.22,159.69,dutos,leave_in_place,500.49,411.51,5.55,57.37,12,2,0.882,97.7,2.1,profundo,media,distante
PDI_20251008_5889,2025-10-08T14:44:10.878086,Bacia do Solimões,6,2386.13,-21.21,145.46,plataforma_fixa,rigs_to_reefs,384.0,100.28,147.79,26.68,10,2,0.71,93.1,1.07,intermediario,rasa,media
PDI_20251008_4258,2025-10-08T14:44:10.878180,Bacia do Solimões,6,1783.53,77.58,170.59,dutos,rigs_to_reefs,105.41,64.23,12.65,11.48,10,4,0.899,95.6,1.21,intermediario,rasa,distante
PDI_20251008_3646,2025-10-08T14:44:10.878290,Bacia do Espírito Santo,10,3174.81,820.36,71.6,manifold,leave_in_place,648.32,423.57,11.79,43.81,13,3,0.92,95.5,1.65,profundo,media,media
PDI_20251008_1009,2025-10-08T14:44:10.878393,Bacia do Solimões,9,1477.49,127.29,332.13,dutos,remocao_completa,147.07,90.52,8.78,13.12,19,1,0.841,91.3,2.07,raso,rasa,muitoDistante
PDI_20251008_1319,2025-10-08T14:44:10.878500,Bacia do Ceará,10,2864.25,763.89,223.19,arvore_natal,remocao_completa,541.43,373.22,2.8,51.57,21,4,0.705,94.9,2.13,intermediario,media,distante
PDI_20251008_6038,2025-10-08T14:44:10.878622,Bacia de Santos,8,3780.16,2250.55,352.8,manifold,leave_in_place,619.05,411.44,12.2,53.09,13,3,0.893,99.3,3.1,profundo,profunda,muitoDistante
PDI_20251008_4946,2025-10-08T14:44:10.878725,Bacia de Sergipe-Alagoas,6,2014.47,574.35,323.01,plataforma_fixa,leave_in_place,498.84,107.3,253.56,43.5,7,4,0.552,76.3,1.96,intermediario,media,muitoDistante
PDI_20251008_8962,2025-10-08T14:44:10.878820,Bacia de Santos,5,1278.55,1640.42,57.2,plataforma_fixa,leave_in_place,411.1,40.89,237.66,40.42,6,0,0.597,82.4,1.51,raso,profunda,media
PDI_20251008_3060,2025-10-08T14:44:10.878909,Bacia de Santos,4,3015.08,2632.85,264.39,dutos,remocao_parcial,246.16,138.3,9.67,19.1,13,4,0.531,83.6,2.6,profundo,profunda,distante
PDI_20251008_3705,2025-10-08T14:44:10.879004,Bacia do Espírito Santo,5,3060.05,294.97,274.08,arvore_natal,rigs_to_reefs,172.39,122.6,3.26,15.47,9,6,0.577,84.7,1.56,profundo,rasa,distante
PDI_20251008_7932,2025-10-08T14:44:10.879105,Bacia Potiguar,8,1561.96,537.98,85.9,dutos,remocao_completa,187.76,123.94,14.72,15.45,21,2,0.659,78.1,1.36,intermediario,media,media
PDI_20251008_4295,2025-10-08T14:44:10.879223,Bacia de Sergipe-Alagoas,10,1656.56,603.87,307.1,dutos,remocao_completa,353.33,245.34,18.08,28.11,28,3,0.824,91.9,2.33,intermediario,media,muitoDistante
PDI_20251008_7118,2025-10-08T14:44:10.879317,Bacia Potiguar,5,2452.83,621.85,309.88,arvore_natal,leave_in_place,118.3,87.98,2.8,9.43,5,1,0.546,82.4,1.84,intermediario,media,muitoDistante
PDI_20251008_8397,2025-10-08T14:44:10.879422,Bacia do Recôncavo,9,1225.78,103.0,149.55,dutos,rigs_to_reefs,103.13,87.74,3.72,12.57,13,0,0.709,92.7,1.45,raso,rasa,media
PDI_20251008_4681,2025-10-08T14:44:10.879590,Bacia de Santos,3,2313.24,2562.79,49.74,fpso,remocao_completa,1176.95,93.13,715.07,96.48,9,7,0.797,94.5,1.75,intermediario,profunda,proxima
PDI_20251008_1344,2025-10-08T14:44:10.879726,Bacia de Santos,6,3755.98,1724.73,154.23,manifold,remocao_completa,635.6,368.84,10.93,45.48,14,2,0.74,87.9,1.98,profundo,profunda,distante
PDI_20251008_4608,2025-10-08T14:44:10.879833,Bacia do Solimões,4,2301.13,89.1,167.67,fpso,remocao_completa,894.01,68.34,555.67,86.43,8,0,0.778,94.3,1.0,intermediario,rasa,distante
PDI_20251008_1964,2025-10-08T14:44:10.879926,Bacia de Campos,3,3891.46,2494.33,389.94,plataforma_fixa,remocao_parcial,386.6,170.48,134.6,37.89,7,8,0.624,78.5,2.85,profundo,profunda,muitoDistante
PDI_20251008_1514,2025-10-08T14:44:10.880029,Bacia de Sergipe-Alagoas,8,2583.11,728.97,123.3,plataforma_fixa,leave_in_place,472.3,186.53,141.56,33.63,11,3,0.943,99.9,1.58,intermediario,media,media
PDI_20251008_9423,2025-10-08T14:44:10.880129,Bacia do Ceará,7,2455.53,805.74,305.35,plataforma_fixa,remocao_completa,471.94,161.84,224.61,47.94,15,4,0.651,84.8,2.12,intermediario,media,muitoDistante
PDI_20251008_8953,2025-10-08T14:44:10.880238,Bacia de Sergipe-Alagoas,10,2562.71,804.28,96.13,manifold,remocao_completa,426.63,295.41,7.74,44.57,27,5,0.742,88.5,1.72,intermediario,media,media
PDI_20251008_3167,2025-10-08T14:44:10.880325,Bacia de Sergipe-Alagoas,3,1404.69,1007.07,31.31,dutos,remocao_parcial,42.59,14.68,19.19,4.82,6,2,0.955,97.5,0.91,raso,media,proxima
PDI_20251008_8749,2025-10-08T14:44:10.880430,Bacia do Recôncavo,9,1709.2,170.08,381.37,fpso,remocao_completa,730.27,151.04,438.29,84.17,17,6,0.851,96.0,2.26,intermediario,rasa,muitoDistante
PDI_20251008_2545,2025-10-08T14:44:10.880563,Bacia de Camamu-Almada,9,2452.95,1345.77,346.43,fpso,remocao_completa,909.06,252.69,386.66,75.22,27,4,0.511,83.3,2.73,intermediario,media,muitoDistante
PDI_20251008_6804,2025-10-08T14:44:10.880680,Bacia de Santos,9,2228.99,1521.42,178.49,arvore_natal,remocao_parcial,316.28,219.63,3.1,29.22,22,6,0.973,96.7,2.26,intermediario,profunda,distante
PDI_20251008_8651,2025-10-08T14:44:10.880778,Bacia de Camamu-Almada,6,2241.61,1299.3,275.24,arvore_natal,leave_in_place,147.32,101.4,3.22,10.51,9,3,0.702,93.5,2.17,intermediario,media,distante
PDI_20251008_1993,2025-10-08T14:44:10.880877,Bacia de Campos,5,2860.52,2852.51,246.63,plataforma_fixa,leave_in_place,607.41,256.67,159.29,52.79,10,8,0.665,76.6,2.75,intermediario,profunda,distante
PDI_20251008_2790,2025-10-08T14:44:10.880965,Bacia de Camamu-Almada,4,1785.77,801.23,201.53,manifold,remocao_parcial,91.8,61.23,11.79,7.71,9,3,0.746,94.7,1.47,intermediario,media,distante
PDI_20251008_4116,2025-10-08T14:44:10.881071,Bacia de Sergipe-Alagoas,9,2305.13,1695.58,85.61,fpso,remocao_parcial,1095.04,241.55,554.92,95.22,18,6,0.762,87.5,2.03,intermediario,profunda,media
PDI_20251008_3296,2025-10-08T14:44:10.881167,Bacia do Solimões,6,870.75,55.23,279.91,arvore_natal,remocao_completa,47.79,30.59,2.99,3.92,13,3,0.967,95.1,1.56,raso,rasa,distante
PDI_20251008_5563,2025-10-08T14:44:10.881260,Bacia de Camamu-Almada,6,2702.94,857.46,38.9,fpso,remocao_completa,814.52,182.08,446.36,88.12,15,6,0.811,90.5,1.16,intermediario,media,proxima
PDI_20251008_2235,2025-10-08T14:44:10.881369,Bacia do Recôncavo,11,2137.44,95.38,289.39,fpso,remocao_completa,1000.93,158.36,618.07,103.34,25,2,0.705,85.8,2.11,intermediario,rasa,distante
PDI_20251008_2604,2025-10-08T14:44:10.881455,Bacia do Recôncavo,4,1230.98,103.35,270.07,dutos,remocao_completa,73.05,47.09,20.65,9.68,7,1,0.657,84.0,1.35,raso,rasa,distante
PDI_20251008_1241,2025-10-08T14:44:10.881570,Bacia de Campos,5,3497.66,2664.47,307.3,dutos,remocao_completa,532.53,338.68,23.41,42.4,17,8,0.872,98.5,2.86,profundo,profunda,muitoDistante
PDI_20251008_3724,2025-10-08T14:44:10.881677,Bacia de Santos,9,4250.73,1801.15,270.43,fpso,remocao_parcial,2230.67,794.12,520.4,189.48,25,6,0.846,90.6,2.7,profundo,profunda,distante
PDI_20251008_8886,2025-10-08T14:44:10.881771,Bacia de Camamu-Almada,5,2076.48,576.03,37.7,arvore_natal,remocao_completa,124.32,96.53,2.76,11.69,11,1,0.87,96.6,0.91,intermediario,media,proxima
PDI_20251008_1960,2025-10-08T14:44:10.881877,Bacia de Sergipe-Alagoas,6,2487.66,855.15,66.19,arvore_natal,leave_in_place,232.9,173.7,2.87,19.38,6,4,0.814,86.3,1.25,intermediario,media,media
PDI_20251008_1035,2025-10-08T14:44:10.881968,Bacia do Espírito Santo,5,2609.01,694.64,261.45,arvore_natal,remocao_completa,189.1,140.24,2.64,16.96,10,5,0.882,96.9,1.72,intermediario,media,distante
PDI_20251008_8454,2025-10-08T14:44:10.882048,Bacia de Camamu-Almada,2,2377.71,912.57,254.66,manifold,remocao_parcial,51.4,30.63,6.74,4.18,4,3,0.95,100.0,1.51,intermediario,media,distante
PDI_20251008_8973,2025-10-08T14:44:10.882136,Bacia Potiguar,4,1840.38,467.0,209.13,arvore_natal,rigs_to_reefs,74.64,63.09,3.22,7.0,7,4,0.635,80.9,1.33,intermediario,rasa,distante
PDI_20251008_5861,2025-10-08T14:44:10.882225,Bacia do Espírito Santo,5,2258.84,1188.76,312.35,fpso,remocao_completa,1152.6,137.45,634.06,77.55,14,3,0.569,81.5,2.14,intermediario,media,muitoDistante
PDI_20251008_9883,2025-10-08T14:44:10.882322,Bacia de Sergipe-Alagoas,7,1926.68,897.22,68.68,plataforma_fixa,remocao_parcial,293.43,114.53,97.49,30.7,12,1,0.586,83.6,1.38,intermediario,media,media
PDI_20251008_1936,2025-10-08T14:44:10.882418,Bacia de Campos,7,1905.35,2993.64,74.12,manifold,remocao_completa,283.17,192.08,12.38,26.53,23,3,0.956,98.5,2.44,intermediario,profunda,media
PDI_20251008_8811,2025-10-08T14:44:10.882509,Bacia de Campos,6,3074.7,2064.75,188.59,dutos,remocao_completa,354.24,246.09,7.48,30.19,21,5,0.595,75.8,2.26,profundo,profunda,distante
PDI_20251008_3579,2025-10-08T14:44:10.882601,Bacia do Solimões,7,2019.19,51.86,248.99,dutos,remocao_parcial,171.77,113.27,6.59,12.93,14,3,0.844,93.3,1.56,intermediario,rasa,distante
PDI_20251008_2312,2025-10-08T14:44:10.882731,Bacia de Campos,12,2761.12,2137.01,334.84,dutos,leave_in_place,631.74,490.25,7.51,57.42,17,6,0.79,91.5,3.38,intermediario,profunda,muitoDistante
PDI_20251008_2113,2025-10-08T14:44:10.882822,Bacia do Espírito Santo,3,1975.8,647.82,348.68,plataforma_fixa,remocao_parcial,162.1,57.64,57.26,13.78,5,5,0.955,95.8,1.79,intermediario,media,muitoDistante
PDI_20251008_2964,2025-10-08T14:44:10.882918,Bacia de Sergipe-Alagoas,6,2151.09,1052.6,42.57,arvore_natal,remocao_completa,125.76,100.38,2.56,10.47,15,4,0.736,85.3,1.27,intermediario,media,proxima
PDI_20251008_1651,2025-10-08T14:44:10.883025,Bacia de Sergipe-Alagoas,10,2628.59,1067.89,347.78,dutos,remocao_completa,455.52,329.96,12.15,38.93,24,4,0.827,90.1,2.69,intermediario,media,muitoDistante
PDI_20251008_9565,2025-10-08T14:44:10.883120,Bacia de Santos,6,3715.78,1841.62,41.82,arvore_natal,remocao_completa,511.93,333.21,3.42,40.51,13,7,0.544,81.8,1.66,profundo,profunda,proxima
PDI_20251008_4346,2025-10-08T14:44:10.883212,Bacia do Ceará,6,2762.75,999.63,143.67,manifold,remocao_completa,183.77,128.59,12.25,14.68,13,2,0.535,77.4,1.58,intermediario,media,media
PDI_20251008_5351,2025-10-08T14:44:10.883322,Bacia do Ceará,12,1745.29,562.31,256.63,fpso,remocao_completa,1193.04,222.82,616.15,121.56,27,5,0.853,97.8,2.34,intermediario,media,distante
PDI_20251008_5915,2025-10-08T14:44:10.883413,Bacia de Camamu-Almada,6,2485.1,1227.77,187.13,fpso,leave_in_place,896.75,158.13,495.7,78.94,10,4,0.595,78.8,1.84,intermediario,media,distante
PDI_20251008_2188,2025-10-08T14:44:10.883505,Bacia do Recôncavo,6,1010.14,125.3,91.44,manifold,remocao_completa,81.5,53.8,9.1,9.24,14,0,0.824,90.8,0.97,raso,rasa,media
PDI_20251008_2638,2025-10-08T14:44:10.883621,Bacia de Campos,9,3643.14,2217.99,236.45,arvore_natal,remocao_parcial,702.36,465.39,3.3,59.87,22,8,0.815,90.1,2.8,profundo,profunda,distante
PDI_20251008_4492,2025-10-08T14:44:10.883734,Bacia de Santos,6,2586.25,1725.92,160.82,dutos,remocao_completa,206.86,139.73,3.49,15.65,14,3,0.525,78.2,2.0,intermediario,profunda,distante
PDI_20251008_3170,2025-10-08T14:44:10.883841,Bacia do Solimões,8,1105.33,105.1,11.63,manifold,rigs_to_reefs,116.6,60.92,8.18,10.34,12,1,0.874,99.5,0.89,raso,rasa,proxima
PDI_20251008_5002,2025-10-08T14:44:10.883943,Bacia do Ceará,9,1722.67,927.32,172.17,plataforma_fixa,leave_in_place,376.47,109.2,169.06,38.68,9,5,0.79,85.5,1.94,intermediario,media,distante
PDI_20251008_3584,2025-10-08T14:44:10.884032,Bacia do Ceará,3,1456.57,247.98,296.5,manifold,remocao_completa,41.77,17.81,11.88,4.25,6,5,0.549,80.0,1.41,raso,rasa,distante
PDI_20251008_5956,2025-10-08T14:44:10.884131,Bacia do Recôncavo,6,755.43,104.71,120.48,dutos,remocao_completa,76.32,41.38,22.69,7.23,15,2,0.747,94.0,1.05,raso,rasa,media
PDI_20251008_5905,2025-10-08T14:44:10.884241,Bacia do Solimões,11,1690.98,58.93,294.43,plataforma_fixa,remocao_completa,551.04,112.36,216.77,45.5,24,5,0.962,95.1,2.11,intermediario,rasa,distante
PDI_20251008_5333,2025-10-08T14:44:10.884346,Bacia de Santos,10,2636.77,2514.73,274.31,fpso,remocao_completa,1813.47,379.02,684.54,153.49,28,7,0.846,88.6,3.17,intermediario,profunda,distante
PDI_20251008_3546,2025-10-08T14:44:10.884443,Bacia de Santos,8,3749.86,1909.28,268.63,plataforma_fixa,leave_in_place,1030.26,479.34,124.0,60.34,12,2,0.906,98.2,2.65,profundo,profunda,distante
PDI_20251008_4450,2025-10-08T14:44:10.884538,Bacia Potiguar,7,2212.64,1175.85,143.09,manifold,leave_in_place,221.23,160.62,8.57,18.91,9,0,0.547,81.0,1.76,intermediario,media,media
PDI_20251008_5325,2025-10-08T14:44:10.884623,Bacia do Ceará,4,1101.31,431.47,351.6,fpso,corte_afundamento,909.31,20.39,649.94,69.4,8,3,0.671,79.2,1.79,raso,rasa,muitoDistante
PDI_20251008_5114,2025-10-08T14:44:10.884723,Bacia do Solimões,8,1003.32,49.21,157.05,arvore_natal,remocao_completa,62.64,40.72,2.89,6.43,16,4,0.688,78.7,1.35,raso,rasa,distante
PDI_20251008_7939,2025-10-08T14:44:10.884824,Bacia de Campos,8,2223.9,1801.22,242.62,plataforma_fixa,remocao_parcial,413.93,194.82,123.59,32.73,16,2,0.851,97.8,2.51,intermediario,profunda,distante
PDI_20251008_1058,2025-10-08T14:44:10.884919,Bacia Potiguar,7,2391.71,1296.09,354.95,plataforma_fixa,leave_in_place,496.19,144.23,238.84,47.67,8,12,0.801,85.0,2.53,intermediario,media,muitoDistante
PDI_20251008_5291,2025-10-08T14:44:10.885017,Bacia do Ceará,8,2082.23,1102.84,198.21,fpso,remocao_completa,1000.44,162.82,645.11,106.99,26,6,0.655,77.2,2.01,intermediario,media,distante
PDI_20251008_8007,2025-10-08T14:44:10.885118,Bacia do Espírito Santo,8,1767.62,989.04,344.59,arvore_natal,leave_in_place,176.13,121.8,3.12,16.26,9,4,0.766,91.5,2.44,intermediario,media,muitoDistante
PDI_20251008_2832,2025-10-08T14:44:10.885220,Bacia do Solimões,9,1543.35,-3.89,369.01,plataforma_fixa,remocao_completa,219.05,85.05,67.39,21.6,21,3,0.786,89.4,2.13,intermediario,rasa,muitoDistante
PDI_20251008_9938,2025-10-08T14:44:10.885308,Bacia de Santos,5,4278.83,2401.06,121.23,fpso,leave_in_place,1156.89,254.31,491.58,78.3,9,5,0.761,94.2,2.1,profundo,profunda,media
PDI_20251008_3426,2025-10-08T14:44:10.885409,Bacia de Campos,8,3612.7,2381.85,127.38,manifold,remocao_completa,590.78,386.69,11.4,50.52,26,7,0.815,92.5,2.42,profundo,profunda,media
PDI_20251008_1685,2025-10-08T14:44:10.885503,Bacia de Camamu-Almada,7,1053.02,1205.32,390.88,fpso,remocao_completa,803.17,73.01,475.97,65.88,16,6,0.799,92.3,2.61,raso,media,muitoDistante
PDI_20251008_1653,2025-10-08T14:44:10.885609,Bacia Potiguar,7,3002.82,910.62,347.1,manifold,leave_in_place,237.23,199.8,7.66,28.84,9,5,0.806,86.5,2.31,profundo,media,muitoDistante
PDI_20251008_5088,2025-10-08T14:44:10.885715,Bacia do Ceará,5,2267.39,770.65,246.3,fpso,leave_in_place,854.26,93.02,589.43,83.7,7,3,0.616,76.4,1.71,intermediario,media,distante
PDI_20251008_7658,2025-10-08T14:44:10.885812,Bacia de Santos,5,2535.39,1870.96,128.26,manifold,remocao_parcial,335.51,190.53,9.7,29.81,13,6,0.577,79.3,1.86,intermediario,profunda,media
PDI_20251008_3662,2025-10-08T14:44:10.885914,Bacia do Espírito Santo,9,2742.06,807.56,111.73,fpso,remocao_completa,1106.46,298.74,493.3,91.92,20,2,0.563,83.8,1.68,intermediario,media,media
PDI_20251008_1406,2025-10-08T14:44:10.886012,Bacia do Espírito Santo,7,2373.79,813.76,104.22,arvore_natal,leave_in_place,229.35,161.34,2.91,22.21,7,4,0.601,81.7,1.45,intermediario,media,media
PDI_20251008_7745,2025-10-08T14:44:10.886111,Bacia do Espírito Santo,8,1527.89,794.04,138.46,manifold,leave_in_place,200.41,141.12,9.98,19.88,9,2,0.552,83.1,1.66,intermediario,media,media
PDI_20251008_3608,2025-10-08T14:44:10.886209,Bacia de Sergipe-Alagoas,8,3134.13,676.96,261.12,manifold,remocao_parcial,318.35,265.77,11.47,29.28,17,6,0.628,81.9,2.01,profundo,media,distante
PDI_20251008_1634,2025-10-08T14:44:10.886356,Bacia de Santos,6,4633.66,2540.03,336.19,arvore_natal,remocao_parcial,952.4,606.21,3.03,62.94,19,6,0.62,76.0,2.99,profundo,profunda,muitoDistante
PDI_20251008_4269,2025-10-08T14:44:10.886486,Bacia do Recôncavo,8,2424.18,158.67,352.08,fpso,remocao_completa,806.55,147.81,493.86,87.76,16,3,0.829,91.9,2.05,intermediario,rasa,muitoDistante
PDI_20251008_6000,2025-10-08T14:44:10.886590,Bacia do Recôncavo,9,1203.34,131.89,121.59,manifold,rigs_to_reefs,65.87,47.65,11.03,7.06,16,2,0.679,81.6,1.37,raso,rasa,media
PDI_20251008_1387,2025-10-08T14:44:10.886718,Bacia de Sergipe-Alagoas,9,1846.53,519.32,46.28,fpso,remocao_completa,1219.54,169.93,667.66,112.0,24,2,0.9,97.8,1.31,intermediario,media,proxima
PDI_20251008_6378,2025-10-08T14:44:10.886840,Bacia de Sergipe-Alagoas,11,1869.41,761.76,365.76,arvore_natal,leave_in_place,240.96,178.24,2.66,20.8,11,5,0.957,99.7,2.7,intermediario,media,muitoDistante
PDI_20251008_5573,2025-10-08T14:44:10.886931,Bacia Potiguar,3,2325.68,504.64,372.22,plataforma_fixa,leave_in_place,191.85,77.12,69.14,20.59,3,5,0.675,75.4,1.79,intermediario,media,muitoDistante
PDI_20251008_7548,2025-10-08T14:44:10.887026,Bacia do Ceará,6,1552.09,720.31,307.32,dutos,remocao_completa,140.35,80.55,21.17,12.29,17,4,0.773,87.0,1.98,intermediario,media,muitoDistante
PDI_20251008_1452,2025-10-08T14:44:10.887133,Bacia do Solimões,10,1885.9,87.57,381.38,manifold,remocao_completa,181.9,105.53,7.55,15.36,28,3,0.647,84.7,2.32,intermediario,rasa,muitoDistante
PDI_20251008_3925,2025-10-08T14:44:10.887229,Bacia de Santos,6,3766.04,1958.64,142.02,manifold,remocao_completa,659.99,374.9,8.94,55.61,14,7,0.786,88.4,2.05,profundo,profunda,media
PDI_20251008_2776,2025-10-08T14:44:10.887381,Bacia Potiguar,4,1824.65,1016.85,269.72,plataforma_fixa,remocao_parcial,268.67,57.14,152.06,27.33,10,2,0.977,95.4,1.81,intermediario,media,distante
PDI_20251008_6139,2025-10-08T14:44:10.887491,Bacia de Camamu-Almada,7,3398.11,1131.18,343.9,manifold,remocao_completa,403.46,266.28,11.7,33.74,22,7,0.771,87.3,2.41,profundo,media,muitoDistante
PDI_20251008_9379,2025-10-08T14:44:10.887611,Bacia de Camamu-Almada,9,945.82,748.92,51.66,dutos,remocao_completa,130.13,69.49,21.68,10.02,18,2,0.712,87.3,1.45,raso,media,media
PDI_20251008_4114,2025-10-08T14:44:10.887725,Bacia de Santos,11,2664.45,1810.82,54.32,arvore_natal,remocao_completa,459.87,325.36,3.45,42.41,34,1,0.72,93.1,2.19,intermediario,profunda,media
PDI_20251008_8144,2025-10-08T14:44:10.887818,Bacia Potiguar,6,655.89,707.87,394.76,plataforma_fixa,remocao_completa,371.68,45.85,249.02,31.49,11,6,0.76,92.6,2.27,raso,media,muitoDistante
PDI_20251008_9821,2025-10-08T14:44:10.887915,Bacia de Campos,7,2995.92,1671.29,58.09,dutos,leave_in_place,376.14,247.16,14.97,28.5,11,5,0.791,93.9,1.73,intermediario,profunda,media
PDI_20251008_8066,2025-10-08T14:44:10.888024,Bacia de Sergipe-Alagoas,6,2382.06,1128.96,251.64,manifold,leave_in_place,168.73,112.98,10.05,14.55,10,6,0.721,86.3,2.0,intermediario,media,distante
PDI_20251008_6143,2025-10-08T14:44:10.888126,Bacia de Santos,8,4026.7,2516.9,182.64,manifold,leave_in_place,735.31,458.74,9.56,48.74,15,2,0.776,88.5,2.67,profundo,profunda,distante
PDI_20251008_9308,2025-10-08T14:44:10.888220,Bacia de Santos,6,4308.64,2366.41,263.88,manifold,remocao_parcial,626.17,397.69,6.89,49.96,14,7,0.824,93.5,2.66,profundo,profunda,distante
PDI_20251008_6344,2025-10-08T14:44:10.888321,Bacia Potiguar,6,2496.51,1455.53,227.33,arvore_natal,leave_in_place,157.66,130.83,2.81,16.79,10,4,0.776,94.0,2.09,intermediario,media,distante
PDI_20251008_3085,2025-10-08T14:44:10.888429,Bacia de Camamu-Almada,6,2698.98,982.86,291.37,manifold,remocao_parcial,253.72,162.82,6.88,25.43,11,3,0.637,81.6,2.06,intermediario,media,distante
PDI_20251008_7211,2025-10-08T14:44:10.888525,Bacia de Sergipe-Alagoas,6,1945.54,1108.63,262.53,arvore_natal,remocao_parcial,131.77,109.13,2.72,16.59,14,3,0.517,75.2,2.03,intermediario,media,distante
PDI_20251008_5930,2025-10-08T14:44:10.888635,Bacia do Espírito Santo,11,2192.55,943.85,392.5,dutos,remocao_completa,361.63,223.85,14.24,30.78,23,5,0.723,89.4,2.88,intermediario,media,muitoDistante
PDI_20251008_1006,2025-10-08T14:44:10.888750,Bacia de Camamu-Almada,7,2331.2,666.1,368.81,dutos,remocao_completa,203.97,133.45,8.17,20.68,17,4,0.89,98.4,2.26,intermediario,media,muitoDistante
PDI_20251008_4443,2025-10-08T14:44:10.888845,Bacia Potiguar,5,1942.81,546.7,154.8,manifold,leave_in_place,157.19,108.93,8.97,14.88,5,1,0.819,93.9,1.29,intermediario,media,distante
PDI_20251008_6279,2025-10-08T14:44:10.888962,Bacia de Camamu-Almada,9,1959.45,1044.73,79.55,dutos,remocao_completa,216.63,133.66,14.99,18.79,24,2,0.609,83.8,1.69,intermediario,media,media
PDI_20251008_8244,2025-10-08T14:44:10.889069,Bacia do Recôncavo,8,1867.0,156.04,124.93,arvore_natal,rigs_to_reefs,143.02,127.23,3.33,15.85,12,2,0.687,80.6,1.29,intermediario,rasa,media
PDI_20251008_8752,2025-10-08T14:44:10.889160,Bacia de Sergipe-Alagoas,5,2849.27,1125.26,196.07,dutos,remocao_parcial,209.77,148.85,8.92,22.03,12,3,0.586,79.1,1.72,intermediario,media,distante
PDI_20251008_5649,2025-10-08T14:44:10.889257,Bacia do Espírito Santo,6,2572.09,-274.62,133.21,plataforma_fixa,rigs_to_reefs,237.92,94.66,77.11,23.53,7,1,0.772,94.9,0.91,intermediario,rasa,media
PDI_20251008_6491,2025-10-08T14:44:10.889367,Bacia do Solimões,10,1237.82,126.94,93.28,dutos,rigs_to_reefs,111.41,71.76,6.54,10.09,14,4,0.74,94.2,1.37,raso,rasa,media
PDI_20251008_6085,2025-10-08T14:44:10.889467,Bacia de Santos,8,3027.12,1404.8,189.63,fpso,remocao_parcial,1595.85,247.02,720.03,105.06,19,3,0.706,90.4,2.13,profundo,media,distante
PDI_20251008_3414,2025-10-08T14:44:10.889572,Bacia de Sergipe-Alagoas,7,1012.48,719.33,308.86,fpso,leave_in_place,789.33,48.23,497.54,80.66,8,4,0.73,86.8,2.09,raso,media,muitoDistante
PDI_20251008_5011,2025-10-08T14:44:10.889670,Bacia de Campos,7,1967.58,2082.7,374.58,plataforma_fixa,remocao_parcial,413.09,156.12,179.3,39.42,21,5,0.881,96.6,2.99,intermediario,profunda,muitoDistante
PDI_20251008_2193,2025-10-08T14:44:10.889771,Bacia do Recôncavo,9,972.18,82.32,270.02,dutos,remocao_completa,117.04,83.73,5.19,12.46,17,5,0.723,87.4,1.84,raso,rasa,distante
PDI_20251008_4185,2025-10-08T14:44:10.889862,Bacia do Recôncavo,5,774.54,32.59,233.85,arvore_natal,rigs_to_reefs,43.88,32.35,3.19,3.78,7,0,0.851,97.2,1.3,raso,rasa,distante
PDI_20251008_7547,2025-10-08T14:44:10.889952,Bacia de Camamu-Almada,5,2071.67,1091.09,290.93,arvore_natal,remocao_parcial,139.07,100.75,2.78,12.74,13,6,0.687,81.6,2.02,intermediario,media,distante
PDI_20251008_1090,2025-10-08T14:44:10.890058,Bacia de Sergipe-Alagoas,9,2255.9,1035.92,212.15,fpso,leave_in_place,1282.48,194.51,725.01,102.69,12,6,0.726,87.6,2.13,intermediario,media,distante
PDI_20251008_4585,2025-10-08T14:44:10.890158,Bacia de Santos,8,2194.46,2023.91,374.26,arvore_natal,remocao_completa,337.86,217.91,2.94,22.59,23,8,0.829,91.7,3.06,intermediario,profunda,muitoDistante
PDI_20251008_8611,2025-10-08T14:44:10.890259,Bacia do Espírito Santo,9,1225.76,689.03,84.26,dutos,leave_in_place,137.74,86.88,18.75,10.98,11,3,0.586,78.2,1.53,raso,media,media
PDI_20251008_5082,2025-10-08T14:44:10.890353,Bacia de Campos,6,3418.01,2014.72,128.28,dutos,remocao_completa,412.78,314.62,23.7,42.6,21,6,0.591,81.7,2.03,profundo,profunda,media
PDI_20251008_3184,2025-10-08T14:44:10.890448,Bacia de Santos,6,2506.69,1371.68,306.58,arvore_natal,remocao_parcial,292.55,183.1,2.62,19.3,17,2,0.803,89.0,2.31,intermediario,media,muitoDistante
PDI_20251008_6198,2025-10-08T14:44:10.890545,Bacia do Recôncavo,6,1384.67,11.78,34.03,dutos,remocao_completa,107.0,78.0,14.73,10.69,15,0,0.583,84.8,0.72,raso,rasa,proxima
PDI_20251008_9270,2025-10-08T14:44:10.890641,Bacia do Recôncavo,6,901.72,83.26,85.44,dutos,remocao_completa,49.99,25.24,14.57,4.85,13,3,0.755,87.0,0.93,raso,rasa,media
PDI_20251008_8305,2025-10-08T14:44:10.890749,Bacia de Camamu-Almada,10,2936.68,811.26,165.32,dutos,leave_in_place,408.34,274.75,15.03,42.69,10,3,0.823,90.2,1.96,intermediario,media,distante
PDI_20251008_8373,2025-10-08T14:44:10.890841,Bacia do Espírito Santo,5,2491.7,1667.51,294.16,arvore_natal,remocao_completa,282.46,213.0,2.56,27.92,14,8,0.602,79.7,2.31,intermediario,profunda,distante
PDI_20251008_5543,2025-10-08T14:44:10.890948,Bacia Potiguar,10,2611.51,153.88,67.76,fpso,rigs_to_reefs,736.61,228.17,372.24,65.35,14,3,0.536,82.8,1.3,intermediario,rasa,media
PDI_20251008_4919,2025-10-08T14:44:10.891060,Bacia do Solimões,10,1739.5,56.93,210.24,arvore_natal,rigs_to_reefs,241.72,144.74,3.31,20.37,16,2,0.775,94.4,1.73,intermediario,rasa,distante
PDI_20251008_2269,2025-10-08T14:44:10.891170,Bacia Potiguar,11,3123.0,944.16,386.23,arvore_natal,remocao_completa,609.16,459.96,2.95,47.97,29,4,0.868,97.6,2.86,profundo,media,muitoDistante
PDI_20251008_5451,2025-10-08T14:44:10.891262,Bacia Potiguar,6,1914.16,869.91,366.7,fpso,remocao_completa,994.51,102.66,615.72,98.72,13,2,0.799,92.8,2.26,intermediario,media,muitoDistante
PDI_20251008_9849,2025-10-08T14:44:10.891360,Bacia do Ceará,7,2838.26,559.34,140.34,manifold,remocao_completa,221.65,188.09,6.5,21.73,14,2,0.828,93.0,1.45,intermediario,media,media
PDI_20251008_3471,2025-10-08T14:44:10.891442,Bacia de Santos,3,1814.07,1812.03,211.22,fpso,remocao_completa,836.88,67.95,488.94,67.2,7,6,0.823,86.6,1.91,intermediario,profunda,distante
PDI_20251008_3503,2025-10-08T14:44:10.891540,Bacia de Sergipe-Alagoas,5,3226.66,1124.9,318.2,arvore_natal,remocao_completa,171.78,120.98,3.44,17.99,11,2,0.782,86.4,2.12,profundo,media,muitoDistante
PDI_20251008_7797,2025-10-08T14:44:10.891636,Bacia de Sergipe-Alagoas,6,1548.45,706.93,206.39,plataforma_fixa,remocao_parcial,384.53,64.02,253.42,45.72,10,0,0.718,92.0,1.64,intermediario,media,distante
PDI_20251008_9890,2025-10-08T14:44:10.891732,Bacia de Camamu-Almada,6,1837.06,949.34,330.5,manifold,remocao_parcial,176.89,119.07,10.25,14.73,9,5,0.891,97.0,2.18,intermediario,media,muitoDistante
PDI_20251008_2020,2025-10-08T14:44:10.891822,Bacia do Recôncavo,4,1955.11,90.82,393.23,arvore_natal,rigs_to_reefs,62.8,51.48,2.95,7.6,5,2,0.591,80.2,1.76,intermediario,rasa,muitoDistante
PDI_20251008_7381,2025-10-08T14:44:10.891924,Bacia de Sergipe-Alagoas,7,2980.96,592.58,110.37,arvore_natal,leave_in_place,296.66,243.36,3.14,27.68,6,5,0.768,92.6,1.36,intermediario,media,media
PDI_20251008_7232,2025-10-08T14:44:10.892012,Bacia de Campos,3,2621.72,1928.17,384.5,dutos,leave_in_place,114.4,79.65,6.32,12.75,4,7,0.755,89.6,2.55,intermediario,profunda,muitoDistante
PDI_20251008_6763,2025-10-08T14:44:10.892107,Bacia do Recôncavo,5,2059.45,163.72,380.74,plataforma_fixa,rigs_to_reefs,450.27,108.62,252.65,39.71,8,5,0.534,81.1,1.85,intermediario,rasa,muitoDistante
PDI_20251008_7865,2025-10-08T14:44:10.892204,Bacia Potiguar,6,1336.95,1021.29,247.34,arvore_natal,remocao_parcial,90.85,63.68,3.03,9.42,16,3,0.866,99.1,1.94,raso,media,distante
PDI_20251008_4613,2025-10-08T14:44:10.892293,Bacia do Solimões,5,2237.94,68.56,85.97,dutos,rigs_to_reefs,140.99,82.45,9.0,9.83,7,2,0.576,80.2,0.82,intermediario,rasa,media
PDI_20251008_5471,2025-10-08T14:44:10.892381,Bacia do Recôncavo,5,1309.62,36.53,375.41,fpso,remocao_completa,733.71,28.2,570.62,85.97,12,3,0.73,88.1,1.77,raso,rasa,muitoDistante
PDI_20251008_1475,2025-10-08T14:44:10.892487,Bacia de Camamu-Almada,9,2011.19,1099.18,19.53,arvore_natal,leave_in_place,221.09,161.1,2.84,17.28,12,4,0.964,99.4,1.51,intermediario,media,proxima
PDI_20251008_7624,2025-10-08T14:44:10.892578,Bacia de Camamu-Almada,5,2211.76,559.27,388.08,manifold,leave_in_place,173.6,109.55,8.12,14.1,5,4,0.665,76.6,2.07,intermediario,media,muitoDistante
PDI_20251008_3091,2025-10-08T14:44:10.892690,Bacia do Espírito Santo,12,1586.05,1242.53,330.42,arvore_natal,leave_in_place,234.8,173.45,3.24,22.8,20,7,0.619,83.3,2.92,intermediario,media,muitoDistante
PDI_20251008_7455,2025-10-08T14:44:10.892785,Bacia do Solimões,7,2272.49,38.69,344.77,plataforma_fixa,remocao_parcial,395.72,120.05,169.14,32.22,12,3,0.71,89.7,1.87,intermediario,rasa,muitoDistante
PDI_20251008_8022,2025-10-08T14:44:10.892881,Bacia de Campos,5,2120.77,2898.33,115.32,plataforma_fixa,remocao_completa,487.14,167.12,143.31,45.89,14,6,0.556,80.5,2.33,intermediario,profunda,media
PDI_20251008_3977,2025-10-08T14:44:10.892982,Bacia do Espírito Santo,7,2402.66,843.13,373.53,arvore_natal,leave_in_place,203.45,140.69,3.23,14.4,9,5,0.909,98.1,2.37,intermediario,media,muitoDistante
PDI_20251008_7211,2025-10-08T14:44:10.893077,Bacia de Campos,7,4169.8,1854.77,275.22,manifold,leave_in_place,575.75,417.0,7.05,51.01,9,10,0.578,84.8,2.54,profundo,profunda,distante
PDI_20251008_8449,2025-10-08T14:44:10.893168,Bacia do Ceará,6,2918.3,648.14,115.29,fpso,remocao_parcial,1091.0,196.17,563.42,100.85,11,1,0.737,92.2,1.31,intermediario,media,media
PDI_20251008_7211,2025-10-08T14:44:10.893271,Bacia do Ceará,10,2193.01,1160.58,17.96,manifold,leave_in_place,295.97,217.83,7.68,29.13,16,1,0.762,85.8,1.64,intermediario,media,proxima
PDI_20251008_5133,2025-10-08T14:44:10.893364,Bacia Potiguar,6,1143.25,1024.78,379.4,arvore_natal,remocao_completa,58.07,41.41,2.51,5.53,17,6,0.775,93.6,2.38,raso,media,muitoDistante
PDI_20251008_1317,2025-10-08T14:44:10.893467,Bacia de Santos,8,3638.71,2966.68,354.51,arvore_natal,leave_in_place,697.06,444.86,2.92,54.45,15,3,0.55,79.9,3.47,profundo,profunda,muitoDistante
PDI_20251008_6733,2025-10-08T14:44:10.893570,Bacia do Solimões,6,1058.72,80.04,271.83,plataforma_fixa,remocao_completa,176.65,34.42,80.27,12.29,15,4,0.858,97.4,1.55,raso,rasa,distante
PDI_20251008_1659,2025-10-08T14:44:10.893677,Bacia de Sergipe-Alagoas,5,3003.6,476.03,195.88,plataforma_fixa,rigs_to_reefs,302.96,132.03,95.61,30.84,9,1,0.514,78.2,1.39,profundo,rasa,distante
PDI_20251008_4266,2025-10-08T14:44:10.893772,Bacia de Campos,7,4278.32,1676.31,209.5,fpso,remocao_parcial,1327.08,455.44,412.76,113.82,18,1,0.785,85.4,2.24,profundo,profunda,distante
PDI_20251008_3496,2025-10-08T14:44:10.893872,Bacia de Campos,6,2975.8,1861.56,155.69,dutos,remocao_completa,344.41,240.84,9.75,32.31,14,12,0.777,87.1,2.05,intermediario,profunda,distante
PDI_20251008_8758,2025-10-08T14:44:10.893972,Bacia de Sergipe-Alagoas,7,1900.63,893.14,241.51,fpso,remocao_completa,1056.38,109.23,678.89,109.61,17,2,0.565,83.5,1.95,intermediario,media,distante
PDI_20251008_4571,2025-10-08T14:44:10.894072,Bacia de Santos,8,4562.49,2343.48,240.85,dutos,leave_in_place,983.76,640.77,20.9,85.61,16,5,0.918,97.8,2.77,profundo,profunda,distante
PDI_20251008_7043,2025-10-08T14:44:10.894177,Bacia do Recôncavo,9,1150.02,88.81,30.39,manifold,remocao_completa,98.69,66.19,12.36,7.97,20,3,0.843,89.4,1.05,raso,rasa,proxima
PDI_20251008_2876,2025-10-08T14:44:10.894276,Bacia do Espírito Santo,8,2617.64,-166.3,108.83,dutos,remocao_completa,255.6,163.89,12.24,18.24,22,2,0.615,84.5,1.08,intermediario,rasa,media
PDI_20251008_2771,2025-10-08T14:44:10.894372,Bacia do Espírito Santo,6,2896.97,629.79,289.79,manifold,remocao_parcial,325.34,200.72,12.27,28.86,11,5,0.761,90.4,1.88,intermediario,media,distante
PDI_20251008_7149,2025-10-08T14:44:10.894472,Bacia de Campos,8,3792.95,3013.4,203.89,manifold,remocao_completa,1063.53,749.76,11.63,86.57,27,2,0.635,77.8,2.99,profundo,ultraProfunda,distante
PDI_20251008_2245,2025-10-08T14:44:10.894558,Bacia de Camamu-Almada,4,2366.53,1015.75,378.8,fpso,leave_in_place,1240.1,108.82,707.12,95.03,5,1,0.74,88.3,2.17,intermediario,media,muitoDistante
PDI_20251008_5941,2025-10-08T14:44:10.894749,Bacia de Sergipe-Alagoas,10,2591.7,567.51,17.36,plataforma_fixa,remocao_completa,622.25,295.85,209.97,66.6,21,1,0.604,82.7,1.34,intermediario,media,proxima
PDI_20251008_1672,2025-10-08T14:44:10.894876,Bacia de Santos,7,2384.85,1924.53,377.74,dutos,leave_in_place,501.46,288.22,8.47,37.01,9,4,0.642,83.7,2.92,intermediario,profunda,muitoDistante
PDI_20251008_8018,2025-10-08T14:44:10.895073,Bacia do Ceará,8,2362.24,1068.5,177.2,dutos,remocao_completa,345.75,253.74,21.94,36.54,25,2,0.871,95.9,1.92,intermediario,media,distante
PDI_20251008_9289,2025-10-08T14:44:10.895306,Bacia do Ceará,9,2540.51,978.57,236.73,plataforma_fixa,remocao_parcial,475.58,198.33,192.39,47.03,17,4,0.62,76.8,2.18,intermediario,media,distante
PDI_20251008_7882,2025-10-08T14:44:10.895505,Bacia do Ceará,10,381.28,731.16,333.18,plataforma_fixa,remocao_parcial,225.29,64.7,106.25,22.94,22,10,0.964,99.5,2.48,raso,media,muitoDistante
PDI_20251008_8102,2025-10-08T14:44:10.895622,Bacia do Recôncavo,4,1316.38,161.44,360.71,plataforma_fixa,rigs_to_reefs,223.5,31.95,154.06,25.45,5,2,0.609,79.0,1.68,raso,rasa,muitoDistante
PDI_20251008_3506,2025-10-08T14:44:10.895723,Bacia do Ceará,6,1556.17,871.54,164.24,arvore_natal,remocao_completa,117.4,94.08,2.83,10.21,16,5,0.601,77.7,1.58,intermediario,media,distante
PDI_20251008_9548,2025-10-08T14:44:10.895831,Bacia de Camamu-Almada,8,2570.0,1056.56,203.51,fpso,remocao_parcial,803.36,150.37,510.88,77.47,20,2,0.822,94.3,2.01,intermediario,media,distante
PDI_20251008_9817,2025-10-08T14:44:10.895930,Bacia Potiguar,7,3081.81,918.91,291.7,dutos,remocao_completa,250.17,203.4,2.92,25.15,18,3,0.788,88.3,2.13,profundo,media,distante
PDI_20251008_8136,2025-10-08T14:44:10.896021,Bacia do Recôncavo,4,1554.39,23.06,229.45,arvore_natal,remocao_parcial,42.94,35.42,2.96,5.18,8,2,0.602,83.2,1.18,intermediario,rasa,distante
PDI_20251008_5022,2025-10-08T14:44:10.896111,Bacia Potiguar,5,1601.66,482.29,159.41,manifold,corte_afundamento,106.95,76.99,11.3,8.84,8,2,0.775,87.0,1.27,intermediario,rasa,distante
PDI_20251008_8385,2025-10-08T14:44:10.896208,Bacia de Santos,7,3113.64,1679.43,386.81,manifold,remocao_parcial,513.52,322.78,8.09,38.16,15,4,0.876,99.8,2.83,profundo,profunda,muitoDistante
PDI_20251008_7209,2025-10-08T14:44:10.896355,Bacia de Sergipe-Alagoas,11,1771.56,1153.53,78.49,arvore_natal,leave_in_place,355.07,282.18,3.24,37.46,14,7,0.813,90.9,1.94,intermediario,media,media
PDI_20251008_9098,2025-10-08T14:44:10.896489,Bacia do Ceará,11,2115.67,1046.28,326.3,plataforma_fixa,remocao_parcial,578.2,230.38,241.66,51.86,21,4,0.644,84.3,2.71,intermediario,media,muitoDistante
PDI_20251008_8988,2025-10-08T14:44:10.896592,Bacia do Ceará,7,2270.55,845.42,81.78,fpso,remocao_completa,842.12,171.82,428.67,62.96,13,1,0.742,85.8,1.4,intermediario,media,media
PDI_20251008_5232,2025-10-08T14:44:10.896702,Bacia de Sergipe-Alagoas,11,2646.75,604.8,194.39,manifold,leave_in_place,441.32,311.04,9.89,44.12,13,3,0.974,95.8,2.05,intermediario,media,distante
PDI_20251008_5526,2025-10-08T14:44:10.896804,Bacia do Ceará,9,1038.74,635.25,193.73,manifold,remocao_parcial,92.56,66.55,8.06,10.85,21,4,0.966,96.9,1.86,raso,media,distante
PDI_20251008_9464,2025-10-08T14:44:10.896903,Bacia do Solimões,8,1501.12,115.69,308.0,plataforma_fixa,rigs_to_reefs,406.4,52.64,191.24,34.23,15,3,0.784,89.7,1.88,intermediario,rasa,muitoDistante
PDI_20251008_4954,2025-10-08T14:44:10.896996,Bacia de Sergipe-Alagoas,6,1947.12,565.96,96.3,plataforma_fixa,remocao_completa,397.91,115.64,195.61,33.73,12,1,0.623,77.6,1.2,intermediario,media,media
PDI_20251008_4937,2025-10-08T14:44:10.897100,Bacia de Camamu-Almada,3,2226.88,937.75,290.23,arvore_natal,remocao_completa,111.43,77.69,2.51,8.5,8,1,0.625,84.9,1.74,intermediario,media,distante
PDI_20251008_8342,2025-10-08T14:44:10.897208,Bacia do Recôncavo,9,1311.31,167.24,99.36,arvore_natal,remocao_completa,88.09,82.72,2.67,9.12,19,5,0.726,88.0,1.31,raso,rasa,media
PDI_20251008_5820,2025-10-08T14:44:10.897304,Bacia de Campos,6,4588.3,2039.52,390.63,plataforma_fixa,remocao_completa,964.28,556.8,93.75,80.46,19,6,0.871,99.2,2.92,profundo,profunda,muitoDistante
PDI_20251008_4986,2025-10-08T14:44:10.897401,Bacia de Sergipe-Alagoas,6,2439.56,998.13,14.59,arvore_natal,leave_in_place,279.6,197.18,2.86,24.31,6,1,0.715,85.7,1.15,intermediario,media,proxima
PDI_20251008_7046,2025-10-08T14:44:10.897497,Bacia Potiguar,4,1011.5,1142.08,198.78,dutos,remocao_parcial,83.54,39.19,22.94,7.17,9,1,0.734,86.9,1.63,raso,media,distante
PDI_20251008_9698,2025-10-08T14:44:10.897605,Bacia do Recôncavo,6,1587.27,68.5,171.49,dutos,remocao_completa,100.06,59.31,22.86,10.0,16,3,0.711,85.9,1.21,intermediario,rasa,distante
PDI_20251008_6419,2025-10-08T14:44:10.897715,Bacia do Ceará,9,1597.01,1148.36,152.84,arvore_natal,leave_in_place,219.27,161.55,3.04,21.78,11,4,0.539,79.0,1.98,intermediario,media,distante
PDI_20251008_5438,2025-10-08T14:44:10.897814,Bacia do Ceará,6,2573.77,992.46,102.55,arvore_natal,remocao_completa,173.33,130.21,2.97,19.36,15,6,0.635,84.9,1.44,intermediario,media,media
PDI_20251008_4777,2025-10-08T14:44:10.897924,Bacia Potiguar,11,2629.8,1819.44,214.85,manifold,remocao_parcial,488.94,404.37,7.91,44.66,21,1,0.748,93.5,2.73,intermediario,profunda,distante
PDI_20251008_6169,2025-10-08T14:44:10.898019,Bacia de Santos,7,3469.68,1043.33,182.57,fpso,leave_in_place,1101.04,354.23,379.08,75.32,8,2,0.811,90.3,1.83,profundo,media,distante
PDI_20251008_4033,2025-10-08T14:44:10.898123,Bacia de Santos,9,4446.1,2820.71,302.49,dutos,leave_in_place,1096.48,714.73,5.64,100.01,17,7,0.902,97.8,3.32,profundo,profunda,muitoDistante
PDI_20251008_8933,2025-10-08T14:44:10.898226,Bacia de Sergipe-Alagoas,9,1401.86,874.88,372.34,fpso,remocao_parcial,895.81,114.46,638.29,93.16,17,13,0.676,76.2,2.58,raso,media,muitoDistante
PDI_20251008_9595,2025-10-08T14:44:10.898316,Bacia Potiguar,4,2690.22,494.84,48.69,dutos,corte_afundamento,75.99,48.96,18.96,8.29,7,1,0.691,76.7,0.81,intermediario,rasa,proxima
PDI_20251008_4180,2025-10-08T14:44:10.898418,Bacia Potiguar,9,2312.84,544.65,254.32,plataforma_fixa,leave_in_place,491.8,201.88,225.47,59.32,10,3,0.832,89.5,2.02,intermediario,media,distante
PDI_20251008_6912,2025-10-08T14:44:10.898511,Bacia Potiguar,5,1537.14,1395.11,70.09,fpso,leave_in_place,746.67,58.89,579.52,78.92,6,1,0.819,93.7,1.43,intermediario,media,media
PDI_20251008_1231,2025-10-08T14:44:10.898608,Bacia do Espírito Santo,8,2889.42,612.93,142.19,manifold,remocao_parcial,312.81,230.82,9.96,26.51,18,4,0.918,96.3,1.58,intermediario,media,media
PDI_20251008_5494,2025-10-08T14:44:10.898697,Bacia do Solimões,5,1537.81,123.53,357.07,fpso,rigs_to_reefs,1174.04,50.94,653.69,75.2,6,2,0.855,99.2,1.75,intermediario,rasa,muitoDistante
PDI_20251008_5786,2025-10-08T14:44:10.898791,Bacia de Campos,7,2461.07,1867.04,185.39,plataforma_fixa,leave_in_place,314.43,178.81,73.38,26.05,11,7,0.501,80.8,2.25,intermediario,profunda,distante
PDI_20251008_2680,2025-10-08T14:44:10.898885,Bacia do Espírito Santo,6,3678.13,767.33,117.21,arvore_natal,leave_in_place,375.97,269.52,3.12,36.28,8,1,0.7,80.6,1.37,profundo,media,media
PDI_20251008_5658,2025-10-08T14:44:10.898968,Bacia de Campos,4,4293.64,1614.79,227.26,dutos,remocao_parcial,350.22,227.66,19.15,30.21,7,6,0.674,76.1,1.96,profundo,profunda,distante
PDI_20251008_8216,2025-10-08T14:44:10.899078,Bacia do Recôncavo,12,1632.01,47.61,132.77,arvore_natal,remocao_completa,217.97,174.38,3.11,20.01,27,5,0.725,85.2,1.67,intermediario,rasa,media
PDI_20251008_1841,2025-10-08T14:44:10.899163,Bacia do Ceará,3,2853.46,294.89,375.49,fpso,remocao_completa,934.49,90.81,696.17,99.6,8,6,0.768,89.0,1.7,intermediario,rasa,muitoDistante
PDI_20251008_2869,2025-10-08T14:44:10.899260,Bacia Potiguar,7,940.26,1064.32,295.22,arvore_natal,remocao_parcial,74.98,59.86,3.25,7.7,18,1,0.902,95.9,2.22,raso,media,distante
PDI_20251008_9056,2025-10-08T14:44:10.899371,Bacia de Santos,8,3503.49,1850.47,278.39,arvore_natal,remocao_parcial,654.05,454.31,3.26,53.29,15,10,0.836,93.1,2.65,profundo,profunda,distante
PDI_20251008_1878,2025-10-08T14:44:10.899480,Bacia de Santos,9,2678.81,1762.77,252.44,dutos,remocao_completa,553.32,313.06,19.71,48.5,22,6,0.779,87.8,2.62,intermediario,profunda,distante
PDI_20251008_5978,2025-10-08T14:44:10.899592,Bacia do Espírito Santo,7,1263.75,969.96,195.01,fpso,remocao_completa,964.54,88.22,588.43,90.48,17,1,0.528,77.8,1.83,raso,media,distante
PDI_20251008_2940,2025-10-08T14:44:10.899691,Bacia de Santos,7,2821.58,2141.02,379.44,fpso,remocao_completa,944.18,244.31,376.32,84.05,29,11,0.589,82.8,3.04,intermediario,profunda,muitoDistante
PDI_20251008_4697,2025-10-08T14:44:10.899779,Bacia do Solimões,4,1349.94,62.47,230.67,arvore_natal,remocao_completa,69.21,41.08,2.89,4.41,11,1,0.788,93.8,1.2,raso,rasa,distante
PDI_20251008_8381,2025-10-08T14:44:10.899882,Bacia do Solimões,9,1350.06,136.82,178.9,arvore_natal,remocao_parcial,95.53,62.72,3.19,7.65,18,4,0.76,87.6,1.56,raso,rasa,distante
PDI_20251008_8025,2025-10-08T14:44:10.899973,Bacia do Recôncavo,4,649.69,63.26,370.96,manifold,remocao_completa,37.42,22.8,6.55,3.86,8,6,0.773,86.1,1.67,raso,rasa,muitoDistante
PDI_20251008_1986,2025-10-08T14:44:10.900066,Bacia Potiguar,6,2038.3,820.74,165.81,dutos,remocao_parcial,129.26,99.92,7.35,16.08,12,5,0.725,89.4,1.56,intermediario,media,distante
PDI_20251008_4457,2025-10-08T14:44:10.900166,Bacia de Santos,8,3186.64,2727.3,223.34,fpso,remocao_completa,1174.27,337.27,503.23,112.87,33,7,0.579,78.2,2.91,profundo,profunda,distante
PDI_20251008_3573,2025-10-08T14:44:10.900273,Bacia Potiguar,11,2608.98,804.23,223.8,plataforma_fixa,remocao_parcial,563.12,346.48,85.32,45.53,24,3,0.771,92.0,2.25,intermediario,media,distante
PDI_20251008_2229,2025-10-08T14:44:10.900370,Bacia de Sergipe-Alagoas,8,1912.02,453.96,336.22,fpso,corte_afundamento,770.5,119.24,409.6,61.95,17,7,0.907,95.5,2.15,intermediario,rasa,muitoDistante
PDI_20251008_7693,2025-10-08T14:44:10.900466,Bacia do Espírito Santo,6,2435.02,650.68,236.36,plataforma_fixa,remocao_completa,484.98,197.89,126.07,37.85,13,1,0.78,90.4,1.71,intermediario,media,distante
PDI_20251008_8699,2025-10-08T14:44:10.900557,Bacia do Recôncavo,5,1766.45,97.36,32.93,dutos,rigs_to_reefs,95.66,70.16,13.65,8.83,9,3,0.638,77.9,0.66,intermediario,rasa,proxima
PDI_20251008_4792,2025-10-08T14:44:10.900646,Bacia Potiguar,5,1698.48,471.24,57.22,plataforma_fixa,corte_afundamento,268.74,72.43,150.05,30.19,7,3,0.549,76.1,0.93,intermediario,rasa,media
PDI_20251008_8438,2025-10-08T14:44:10.900745,Bacia Potiguar,7,2604.08,928.51,364.79,manifold,leave_in_place,185.47,131.26,9.77,16.19,10,7,0.594,79.6,2.38,intermediario,media,muitoDistante
PDI_20251008_5334,2025-10-08T14:44:10.900836,Bacia de Santos,6,1917.9,1271.11,397.34,fpso,remocao_parcial,906.77,115.42,525.09,74.93,12,8,0.619,75.3,2.56,intermediario,media,muitoDistante
PDI_20251008_2880,2025-10-08T14:44:10.900939,Bacia de Sergipe-Alagoas,9,2428.45,1263.7,56.8,arvore_natal,leave_in_place,365.96,289.01,2.9,39.04,15,2,0.718,92.3,1.72,intermediario,media,media
PDI_20251008_3441,2025-10-08T14:44:10.901041,Bacia do Solimões,9,1257.32,35.65,368.65,fpso,remocao_parcial,953.77,69.59,542.36,87.49,19,5,0.96,95.8,2.15,raso,rasa,muitoDistante
PDI_20251008_2169,2025-10-08T14:44:10.901152,Bacia Potiguar,12,2717.65,550.98,47.04,fpso,remocao_completa,1440.55,349.77,702.07,156.68,32,3,0.514,79.4,1.63,intermediario,media,proxima
PDI_20251008_6039,2025-10-08T14:44:10.901249,Bacia de Campos,8,1513.37,1746.15,205.94,fpso,remocao_completa,911.42,182.84,425.58,83.87,27,6,0.75,85.7,2.36,intermediario,profunda,distante
PDI_20251008_3037,2025-10-08T14:44:10.901356,Bacia Potiguar,10,1949.33,812.6,308.05,arvore_natal,leave_in_place,168.8,150.02,3.26,17.6,13,5,0.814,94.7,2.43,intermediario,media,muitoDistante
PDI_20251008_7594,2025-10-08T14:44:10.901463,Bacia do Recôncavo,10,763.82,136.7,116.93,manifold,remocao_completa,72.13,55.67,8.85,8.48,27,5,0.698,76.0,1.46,raso,rasa,media
PDI_20251008_9847,2025-10-08T14:44:10.901554,Bacia Potiguar,6,2541.86,702.75,224.5,dutos,leave_in_place,139.34,110.83,9.6,16.82,8,0,0.753,89.5,1.7,intermediario,media,distante
PDI_20251008_2317,2025-10-08T14:44:10.901671,Bacia do Recôncavo,10,1225.72,88.92,38.61,arvore_natal,remocao_completa,107.22,77.96,2.81,10.34,26,2,0.508,84.3,1.17,raso,rasa,proxima
PDI_20251008_6280,2025-10-08T14:44:10.901762,Bacia de Campos,5,3149.69,2194.21,138.59,arvore_natal,remocao_completa,424.91,298.26,3.49,37.26,16,4,0.837,90.6,2.06,profundo,profunda,media
PDI_20251008_2496,2025-10-08T14:44:10.901859,Bacia Potiguar,8,1734.64,1139.44,94.06,plataforma_fixa,leave_in_place,389.53,140.92,155.1,34.65,10,2,0.828,91.4,1.68,intermediario,media,media
PDI_20251008_1339,2025-10-08T14:44:10.901986,Bacia de Sergipe-Alagoas,7,2020.27,1256.88,141.56,dutos,leave_in_place,151.2,106.56,9.54,14.94,10,4,0.936,98.5,1.8,intermediario,media,media
PDI_20251008_1659,2025-10-08T14:44:10.902096,Bacia Potiguar,8,716.53,1034.44,114.83,dutos,remocao_parcial,91.11,60.22,15.15,8.49,22,3,0.524,80.8,1.7,raso,media,media
PDI_20251008_9502,2025-10-08T14:44:10.902186,Bacia do Espírito Santo,4,2638.15,688.62,314.87,arvore_natal,remocao_completa,114.6,73.55,2.72,8.15,8,4,0.554,84.4,1.79,intermediario,media,muitoDistante
PDI_20251008_3973,2025-10-08T14:44:10.902275,Bacia do Recôncavo,5,1085.91,134.28,163.44,manifold,remocao_completa,47.2,29.22,6.6,4.25,14,2,0.603,78.9,1.11,raso,rasa,distante
PDI_20251008_2494,2025-10-08T14:44:10.902371,Bacia de Camamu-Almada,7,3432.46,929.1,167.57,arvore_natal,remocao_completa,435.98,285.01,2.6,37.47,17,2,0.78,90.3,1.72,profundo,media,distante
PDI_20251008_7690,2025-10-08T14:44:10.902485,Bacia do Recôncavo,12,985.19,111.35,387.25,manifold,rigs_to_reefs,130.94,91.0,9.32,12.3,17,3,0.934,97.7,2.55,raso,rasa,muitoDistante
PDI_20251008_2713,2025-10-08T14:44:10.902572,Bacia do Ceará,3,3026.13,1028.84,345.26,manifold,remocao_parcial,128.51,90.53,6.89,10.79,6,7,0.838,92.3,1.97,profundo,media,muitoDistante
PDI_20251008_7744,2025-10-08T14:44:10.902664,Bacia do Espírito Santo,6,2688.27,1230.09,113.83,manifold,leave_in_place,246.55,161.96,8.27,19.12,9,4,0.789,85.7,1.59,intermediario,media,media
PDI_20251008_7561,2025-10-08T14:44:10.902764,Bacia do Recôncavo,9,1074.62,14.77,304.26,manifold,rigs_to_reefs,83.28,59.57,11.94,10.05,13,3,0.735,86.7,1.92,raso,rasa,muitoDistante
PDI_20251008_8451,2025-10-08T14:44:10.902868,Bacia do Solimões,10,1146.19,127.27,155.04,plataforma_fixa,remocao_completa,391.19,74.56,177.26,27.43,24,3,0.705,95.0,1.58,raso,rasa,distante
PDI_20251008_5135,2025-10-08T14:44:10.903013,Bacia de Santos,9,2938.51,2656.74,272.87,manifold,leave_in_place,449.5,303.11,10.17,43.3,15,6,0.554,79.8,3.14,intermediario,profunda,distante
PDI_20251008_7622,2025-10-08T14:44:10.903124,Bacia do Ceará,9,566.53,337.56,170.2,plataforma_fixa,corte_afundamento,341.15,55.98,197.54,30.87,13,4,0.568,77.1,1.64,raso,rasa,distante
PDI_20251008_9889,2025-10-08T14:44:10.903231,Bacia do Solimões,9,2038.65,99.11,356.04,plataforma_fixa,remocao_completa,432.29,168.33,97.69,32.46,18,7,0.557,82.1,2.14,intermediario,rasa,muitoDistante
PDI_20251008_1888,2025-10-08T14:44:10.903318,Bacia do Recôncavo,4,1155.65,114.22,94.21,arvore_natal,rigs_to_reefs,59.35,50.9,3.32,5.96,6,2,0.956,98.2,0.77,raso,rasa,media
PDI_20251008_6927,2025-10-08T14:44:10.903424,Bacia de Sergipe-Alagoas,5,1812.25,958.41,81.66,dutos,leave_in_place,158.25,107.68,23.66,17.68,7,1,0.502,84.2,1.25,intermediario,media,media
PDI_20251008_1845,2025-10-08T14:44:10.903538,Bacia do Recôncavo,9,1559.18,119.58,340.35,arvore_natal,remocao_completa,120.65,91.1,2.93,12.43,22,5,0.506,81.9,2.09,intermediario,rasa,muitoDistante
PDI_20251008_9998,2025-10-08T14:44:10.903648,Bacia de Sergipe-Alagoas,8,3144.75,1139.88,366.73,manifold,leave_in_place,510.16,369.46,10.67,44.78,11,3,0.56,80.1,2.59,profundo,media,muitoDistante
PDI_20251008_8178,2025-10-08T14:44:10.903753,Bacia do Espírito Santo,9,2644.33,532.5,180.21,manifold,leave_in_place,276.92,187.22,12.13,20.6,11,1,0.929,98.6,1.77,intermediario,media,distante
PDI_20251008_1472,2025-10-08T14:44:10.903843,Bacia do Recôncavo,5,878.24,64.08,34.3,plataforma_fixa,remocao_completa,214.18,26.38,161.42,25.68,9,1,0.537,77.8,0.65,raso,rasa,proxima
PDI_20251008_6091,2025-10-08T14:44:10.904002,Bacia de Sergipe-Alagoas,9,1406.56,1309.07,341.49,fpso,remocao_parcial,999.32,163.97,534.51,82.43,19,5,0.586,76.2,2.69,raso,media,muitoDistante
PDI_20251008_7684,2025-10-08T14:44:10.904105,Bacia do Solimões,6,1329.83,88.71,67.83,plataforma_fixa,rigs_to_reefs,202.86,55.13,73.97,15.01,10,1,0.962,99.0,0.87,raso,rasa,media
PDI_20251008_2858,2025-10-08T14:44:10.904201,Bacia de Santos,6,4520.52,2196.65,174.32,fpso,remocao_parcial,1299.83,400.51,447.18,88.7,18,9,0.715,87.5,2.28,profundo,profunda,distante
PDI_20251008_3522,2025-10-08T14:44:10.904308,Bacia do Recôncavo,9,1495.13,67.36,125.44,plataforma_fixa,remocao_completa,445.66,107.1,235.24,46.64,20,2,0.564,84.3,1.35,raso,rasa,media
PDI_20251008_9337,2025-10-08T14:44:10.904409,Bacia do Recôncavo,8,826.63,60.96,231.19,manifold,rigs_to_reefs,87.14,64.35,7.56,7.36,13,3,0.874,97.1,1.6,raso,rasa,distante
PDI_20251008_8905,2025-10-08T14:44:10.904510,Bacia Potiguar,4,1912.39,557.97,384.29,arvore_natal,remocao_parcial,143.17,100.91,2.89,15.36,9,5,0.615,84.7,1.96,intermediario,media,muitoDistante
PDI_20251008_8483,2025-10-08T14:44:10.904616,Bacia do Recôncavo,9,1167.48,75.73,303.62,fpso,rigs_to_reefs,581.07,64.77,401.74,62.58,15,2,0.686,84.4,1.95,raso,rasa,muitoDistante
PDI_20251008_7284,2025-10-08T14:44:10.904708,Bacia do Solimões,6,1545.29,137.63,320.57,fpso,remocao_completa,949.81,56.31,568.98,79.65,13,3,0.825,95.0,1.74,intermediario,rasa,muitoDistante
PDI_20251008_9327,2025-10-08T14:44:10.904802,Bacia de Sergipe-Alagoas,6,2686.44,1326.02,225.65,dutos,remocao_parcial,225.09,144.28,12.15,17.42,16,1,0.781,88.2,2.02,intermediario,media,distante
PDI_20251008_5526,2025-10-08T14:44:10.904899,Bacia do Espírito Santo,7,2583.37,587.45,125.2,plataforma_fixa,remocao_completa,425.34,165.89,139.6,38.02,13,0,0.745,87.1,1.41,intermediario,media,media
PDI_20251008_9318,2025-10-08T14:44:10.905012,Bacia de Camamu-Almada,6,1599.84,756.49,66.0,manifold,leave_in_place,203.02,138.81,9.62,16.64,5,3,0.737,94.3,1.2,intermediario,media,media
PDI_20251008_5634,2025-10-08T14:44:10.905123,Bacia Potiguar,10,2681.58,722.37,389.18,plataforma_fixa,leave_in_place,658.33,278.52,244.37,70.9,10,5,0.718,94.6,2.66,intermediario,media,muitoDistante
PDI_20251008_9022,2025-10-08T14:44:10.905222,Bacia Potiguar,6,1551.39,1293.61,96.45,dutos,remocao_completa,135.9,97.06,4.64,11.79,15,1,0.547,81.2,1.57,intermediario,media,media
PDI_20251008_9824,2025-10-08T14:44:10.905321,Bacia do Espírito Santo,7,2409.36,594.44,391.31,arvore_natal,remocao_parcial,332.09,215.26,2.72,29.53,16,9,0.693,75.3,2.3,intermediario,media,muitoDistante
PDI_20251008_6446,2025-10-08T14:44:10.905413,Bacia do Recôncavo,6,1609.2,86.55,13.6,manifold,remocao_completa,79.06,55.22,9.31,8.67,14,4,0.532,82.0,0.69,intermediario,rasa,proxima
PDI_20251008_7180,2025-10-08T14:44:10.905507,Bacia do Solimões,6,1623.92,46.48,394.15,dutos,remocao_completa,124.26,60.86,20.1,9.35,15,2,0.913,98.8,1.94,intermediario,rasa,muitoDistante
PDI_20251008_4090,2025-10-08T14:44:10.905619,Bacia do Recôncavo,7,1817.62,48.69,308.12,manifold,rigs_to_reefs,139.48,103.52,7.88,14.37,10,5,0.612,78.6,1.75,intermediario,rasa,muitoDistante
PDI_20251008_7274,2025-10-08T14:44:10.905703,Bacia de Sergipe-Alagoas,3,2379.8,897.58,149.65,dutos,remocao_parcial,81.67,51.81,8.77,6.34,5,0,0.835,88.3,1.25,intermediario,media,media
PDI_20251008_1715,2025-10-08T14:44:10.905817,Bacia de Sergipe-Alagoas,11,2621.02,837.59,23.64,arvore_natal,remocao_parcial,350.86,254.57,2.99,35.93,19,6,0.853,98.6,1.6,intermediario,media,proxima
PDI_20251008_7246,2025-10-08T14:44:10.905912,Bacia do Ceará,6,2111.83,263.3,266.38,arvore_natal,remocao_completa,110.29,89.84,2.84,9.63,16,4,0.823,87.3,1.62,intermediario,rasa,distante
PDI_20251008_9115,2025-10-08T14:44:10.906027,Bacia de Camamu-Almada,13,700.31,648.7,373.23,fpso,remocao_completa,1050.18,103.24,632.64,84.51,28,5,0.513,83.8,2.87,raso,media,muitoDistante
PDI_20251008_9229,2025-10-08T14:44:10.906119,Bacia de Campos,6,3948.13,2449.15,279.32,fpso,remocao_completa,1195.47,317.32,621.87,123.8,24,6,0.829,90.2,2.76,profundo,profunda,distante
PDI_20251008_8213,2025-10-08T14:44:10.906199,Bacia do Ceará,2,2361.22,645.52,37.14,plataforma_fixa,leave_in_place,202.48,23.72,125.49,21.88,2,0,0.563,77.4,0.65,intermediario,media,proxima
PDI_20251008_8486,2025-10-08T14:44:10.906304,Bacia de Santos,10,4092.45,1976.75,48.51,dutos,remocao_completa,904.84,655.45,14.15,67.25,32,8,0.961,97.2,2.15,profundo,profunda,proxima
PDI_20251008_7717,2025-10-08T14:44:10.906393,Bacia de Campos,4,2638.49,2766.53,398.26,fpso,remocao_completa,896.16,163.54,523.38,93.75,12,6,0.598,79.7,3.11,intermediario,profunda,muitoDistante
PDI_20251008_8692,2025-10-08T14:44:10.906500,Bacia do Espírito Santo,10,1768.91,1035.04,309.53,plataforma_fixa,remocao_completa,367.68,152.67,80.31,23.56,24,5,0.548,77.9,2.55,intermediario,media,muitoDistante
PDI_20251008_7512,2025-10-08T14:44:10.906603,Bacia Potiguar,8,2051.75,461.1,82.67,manifold,remocao_completa,167.25,127.88,11.56,14.19,18,4,0.502,82.6,1.31,intermediario,rasa,media
PDI_20251008_9742,2025-10-08T14:44:10.906698,Bacia de Santos,7,2937.34,1742.27,34.6,manifold,remocao_parcial,481.74,316.62,9.73,38.85,19,4,0.896,98.0,1.69,intermediario,profunda,proxima
PDI_20251008_8994,2025-10-08T14:44:10.906795,Bacia de Camamu-Almada,7,3053.45,659.55,166.06,manifold,remocao_parcial,428.57,291.32,7.96,35.02,16,3,0.605,84.8,1.58,profundo,media,distante
PDI_20251008_2121,2025-10-08T14:44:10.906887,Bacia do Solimões,6,1480.93,89.47,38.62,plataforma_fixa,remocao_completa,195.4,50.74,64.95,13.66,12,1,0.534,84.9,0.77,raso,rasa,proxima
PDI_20251008_4727,2025-10-08T14:44:10.906997,Bacia de Sergipe-Alagoas,10,1192.3,437.51,332.28,manifold,remocao_completa,117.07,75.56,11.06,10.43,23,2,0.909,95.7,2.33,raso,rasa,muitoDistante
PDI_20251008_2612,2025-10-08T14:44:10.907104,Bacia de Santos,10,2084.52,2034.77,95.67,arvore_natal,leave_in_place,518.05,307.68,3.04,44.82,16,7,0.718,91.4,2.34,intermediario,profunda,media
PDI_20251008_3725,2025-10-08T14:44:10.907206,Bacia de Santos,8,3777.08,2697.55,217.57,arvore_natal,remocao_parcial,797.2,516.84,3.04,55.55,19,6,0.653,79.6,2.87,profundo,profunda,distante
PDI_20251008_1753,2025-10-08T14:44:10.907298,Bacia Potiguar,6,1877.58,940.56,144.72,plataforma_fixa,remocao_parcial,416.79,98.08,253.9,44.1,9,1,0.746,88.8,1.55,intermediario,media,media
PDI_20251008_5806,2025-10-08T14:44:10.907392,Bacia do Ceará,7,2041.87,580.19,107.93,plataforma_fixa,remocao_parcial,406.39,169.91,146.46,34.78,14,4,0.852,97.1,1.35,intermediario,media,media
PDI_20251008_8056,2025-10-08T14:44:10.907486,Bacia do Ceará,7,2091.57,1252.86,335.96,manifold,leave_in_place,256.23,182.02,10.54,22.05,10,4,0.666,82.3,2.45,intermediario,media,muitoDistante
PDI_20251008_9702,2025-10-08T14:44:10.907601,Bacia do Espírito Santo,9,951.89,883.69,10.51,fpso,remocao_completa,1046.32,89.9,576.59,99.6,24,3,0.803,87.6,1.38,raso,media,proxima
PDI_20251008_3950,2025-10-08T14:44:10.907701,Bacia de Camamu-Almada,8,1794.52,546.08,58.4,dutos,leave_in_place,176.8,128.27,4.59,18.54,9,1,0.532,78.4,1.27,intermediario,media,media
PDI_20251008_2293,2025-10-08T14:44:10.907797,Bacia do Espírito Santo,6,2776.11,889.94,298.42,fpso,leave_in_place,957.22,198.05,532.85,91.45,6,6,0.528,83.6,2.04,intermediario,media,distante
PDI_20251008_4945,2025-10-08T14:44:10.907891,Bacia de Camamu-Almada,6,4040.5,921.79,139.65,dutos,leave_in_place,483.3,316.92,15.07,42.24,7,3,0.819,86.3,1.53,profundo,media,media
PDI_20251008_3344,2025-10-08T14:44:10.907996,Bacia do Recôncavo,10,754.46,106.67,107.92,dutos,remocao_completa,99.35,60.01,17.22,9.61,28,0,0.821,90.2,1.41,raso,rasa,media
PDI_20251008_5161,2025-10-08T14:44:10.908090,Bacia de Sergipe-Alagoas,6,1884.17,926.41,289.62,arvore_natal,leave_in_place,153.67,117.71,2.74,12.65,5,4,0.918,98.3,2.03,intermediario,media,distante
PDI_20251008_1153,2025-10-08T14:44:10.908184,Bacia do Recôncavo,3,1709.67,180.81,193.26,manifold,remocao_completa,48.94,35.62,7.86,5.22,7,2,0.537,76.4,1.03,intermediario,rasa,distante
PDI_20251008_9955,2025-10-08T14:44:10.908282,Bacia do Recôncavo,7,1886.94,142.05,362.3,manifold,remocao_completa,156.34,133.9,12.41,20.27,19,9,0.641,77.8,1.98,intermediario,rasa,muitoDistante
PDI_20251008_8237,2025-10-08T14:44:10.908381,Bacia do Espírito Santo,8,3506.38,597.16,216.38,plataforma_fixa,leave_in_place,541.19,309.35,70.83,38.22,8,3,0.55,81.1,1.82,profundo,media,distante
PDI_20251008_5901,2025-10-08T14:44:10.908481,Bacia do Ceará,9,1605.99,42.96,320.27,dutos,rigs_to_reefs,144.85,110.39,12.8,14.63,16,5,0.66,81.5,1.99,intermediario,rasa,muitoDistante
PDI_20251008_8484,2025-10-08T14:44:10.908572,Bacia de Camamu-Almada,4,2620.04,1183.52,370.21,manifold,remocao_parcial,188.59,123.66,10.2,13.39,9,9,0.804,93.6,2.23,intermediario,media,muitoDistante
PDI_20251008_7302,2025-10-08T14:44:10.908707,Bacia Potiguar,13,2192.63,885.18,99.04,fpso,remocao_completa,965.73,312.58,466.16,93.26,31,0,0.838,91.1,2.07,intermediario,media,media
PDI_20251008_4886,2025-10-08T14:44:10.908809,Bacia do Recôncavo,8,1471.07,92.51,11.57,plataforma_fixa,remocao_completa,289.38,99.31,148.32,34.77,21,4,0.686,79.9,0.88,raso,rasa,proxima
PDI_20251008_6881,2025-10-08T14:44:10.908904,Bacia de Camamu-Almada,7,2615.34,694.22,279.88,dutos,remocao_parcial,263.2,190.48,18.81,25.59,16,1,0.603,78.9,1.98,intermediario,media,distante
PDI_20251008_1359,2025-10-08T14:44:10.908998,Bacia Potiguar,7,1287.57,915.25,395.58,manifold,leave_in_place,117.44,82.24,11.16,11.71,9,7,0.569,76.9,2.48,raso,media,muitoDistante
PDI_20251008_1132,2025-10-08T14:44:10.909095,Bacia de Camamu-Almada,8,2679.93,492.95,376.05,manifold,rigs_to_reefs,311.16,208.06,11.59,30.72,11,3,0.887,97.6,2.3,intermediario,rasa,muitoDistante
PDI_20251008_9138,2025-10-08T14:44:10.909187,Bacia de Campos,6,2389.51,2429.37,271.58,dutos,leave_in_place,225.68,149.04,9.74,17.1,11,6,0.902,98.6,2.72,intermediario,profunda,distante
PDI_20251008_6772,2025-10-08T14:44:10.909275,Bacia Potiguar,5,2287.73,529.65,22.42,fpso,leave_in_place,974.68,103.35,656.42,102.03,6,2,0.609,82.7,0.84,intermediario,media,proxima
PDI_20251008_5106,2025-10-08T14:44:10.909391,Bacia de Sergipe-Alagoas,13,1482.09,70.96,391.27,fpso,rigs_to_reefs,1015.95,131.82,618.16,98.21,16,9,0.814,94.0,2.64,raso,rasa,muitoDistante
PDI_20251008_1645,2025-10-08T14:44:10.909495,Bacia do Espírito Santo,7,2002.0,546.6,121.25,plataforma_fixa,leave_in_place,393.09,105.61,164.94,27.06,9,3,0.684,76.8,1.38,intermediario,media,media
PDI_20251008_1546,2025-10-08T14:44:10.909600,Bacia Potiguar,5,2654.23,1006.98,369.85,arvore_natal,remocao_completa,150.28,109.37,2.96,15.87,12,4,0.61,82.3,2.24,intermediario,media,muitoDistante
PDI_20251008_2476,2025-10-08T14:44:10.909686,Bacia do Ceará,3,2562.35,1204.8,224.8,fpso,remocao_completa,1001.05,106.85,698.06,84.47,8,3,0.954,99.0,1.65,intermediario,media,distante
PDI_20251008_7807,2025-10-08T14:44:10.909776,Bacia Potiguar,5,2724.84,707.56,61.4,manifold,remocao_completa,125.67,98.32,10.79,14.8,13,0,0.786,94.8,1.06,intermediario,media,media
PDI_20251008_3165,2025-10-08T14:44:10.909866,Bacia do Espírito Santo,5,2453.1,849.1,126.64,fpso,leave_in_place,954.26,128.17,580.11,86.56,6,2,0.704,86.5,1.35,intermediario,media,media
PDI_20251008_9697,2025-10-08T14:44:10.909963,Bacia do Solimões,7,1322.89,141.91,137.05,manifold,remocao_completa,118.35,76.72,10.03,11.63,15,1,0.539,80.5,1.23,raso,rasa,media
PDI_20251008_3695,2025-10-08T14:44:10.910052,Bacia do Solimões,5,1510.25,88.56,336.16,manifold,remocao_completa,104.3,68.0,8.71,11.08,13,2,0.741,85.9,1.66,intermediario,rasa,muitoDistante
PDI_20251008_5835,2025-10-08T14:44:10.910146,Bacia Potiguar,6,3135.51,785.37,379.82,arvore_natal,remocao_completa,285.39,218.73,3.22,32.0,15,5,0.966,96.8,2.26,profundo,media,muitoDistante
PDI_20251008_8673,2025-10-08T14:44:10.910262,Bacia do Ceará,11,3205.55,968.23,300.58,plataforma_fixa,remocao_parcial,934.92,479.09,204.15,97.89,25,6,0.628,84.0,2.59,profundo,media,muitoDistante
PDI_20251008_4696,2025-10-08T14:44:10.910378,Bacia de Santos,13,4109.57,1972.13,59.84,fpso,remocao_completa,2144.29,771.77,509.46,153.15,41,2,0.594,83.2,2.49,profundo,profunda,media
PDI_20251008_6992,2025-10-08T14:44:10.910503,Bacia de Camamu-Almada,4,1780.22,450.3,399.29,dutos,corte_afundamento,60.59,32.82,12.43,6.21,7,5,0.679,79.8,1.96,intermediario,rasa,muitoDistante
PDI_20251008_1228,2025-10-08T14:44:10.910625,Bacia de Santos,11,1834.16,3020.17,127.85,arvore_natal,remocao_completa,596.16,335.37,3.06,34.62,47,7,0.86,99.9,3.04,intermediario,ultraProfunda,media
PDI_20251008_3024,2025-10-08T14:44:10.910728,Bacia Potiguar,8,1960.56,1142.27,61.11,dutos,leave_in_place,200.58,151.28,13.77,21.49,10,4,0.715,85.3,1.57,intermediario,media,media
PDI_20251008_5295,2025-10-08T14:44:10.910923,Bacia do Recôncavo,5,1000.35,171.48,370.16,manifold,rigs_to_reefs,54.43,35.67,9.69,5.2,6,4,0.539,83.0,1.82,raso,rasa,muitoDistante
PDI_20251008_2775,2025-10-08T14:44:10.911074,Bacia de Camamu-Almada,9,1389.6,1265.08,142.47,manifold,leave_in_place,203.64,125.3,10.74,17.94,14,5,0.812,93.8,2.01,raso,media,media
PDI_20251008_1410,2025-10-08T14:44:10.911172,Bacia de Sergipe-Alagoas,4,2298.15,491.99,41.22,arvore_natal,rigs_to_reefs,61.49,49.08,2.89,6.9,6,2,0.54,77.2,0.78,intermediario,rasa,proxima
PDI_20251008_4626,2025-10-08T14:44:10.911332,Bacia do Solimões,6,2000.48,187.07,350.53,manifold,remocao_completa,113.53,65.25,9.99,9.23,15,4,0.785,94.5,1.86,intermediario,rasa,muitoDistante
PDI_20251008_5951,2025-10-08T14:44:10.911510,Bacia de Santos,9,2016.51,2991.69,115.08,arvore_natal,leave_in_place,299.81,205.27,3.35,22.51,18,5,0.639,79.2,2.78,intermediario,profunda,media
PDI_20251008_3290,2025-10-08T14:44:10.911644,Bacia de Camamu-Almada,4,1657.42,1037.19,143.56,plataforma_fixa,leave_in_place,265.76,41.47,129.48,22.63,4,1,0.563,84.9,1.4,intermediario,media,media
PDI_20251008_5986,2025-10-08T14:44:10.911775,Bacia de Campos,4,3519.67,1828.64,127.8,plataforma_fixa,leave_in_place,550.84,137.37,230.95,46.9,6,1,0.921,95.9,1.74,profundo,profunda,media
PDI_20251008_2592,2025-10-08T14:44:10.911933,Bacia do Recôncavo,9,1346.32,42.53,268.01,plataforma_fixa,rigs_to_reefs,382.34,89.86,218.12,38.65,16,4,0.716,93.6,1.81,raso,rasa,distante
PDI_20251008_3222,2025-10-08T14:44:10.912104,Bacia de Sergipe-Alagoas,10,1362.03,727.14,115.65,dutos,remocao_completa,168.85,115.5,10.06,13.7,26,6,0.741,89.2,1.75,raso,media,media
PDI_20251008_7078,2025-10-08T14:44:10.912239,Bacia de Camamu-Almada,5,1344.12,1190.27,39.68,arvore_natal,remocao_completa,102.85,77.51,3.44,11.62,15,1,0.674,78.6,1.23,raso,media,proxima
PDI_20251008_3531,2025-10-08T14:44:10.912418,Bacia do Solimões,8,1824.04,170.5,175.07,arvore_natal,rigs_to_reefs,146.09,104.82,3.17,11.23,14,2,0.929,99.3,1.47,intermediario,rasa,distante
PDI_20251008_9017,2025-10-08T14:44:10.912597,Bacia de Camamu-Almada,10,1089.26,624.6,155.94,plataforma_fixa,leave_in_place,394.6,130.4,159.88,40.76,14,6,0.606,79.4,1.83,raso,media,distante
PDI_20251008_1536,2025-10-08T14:44:10.912717,Bacia de Camamu-Almada,11,3136.02,434.83,364.23,manifold,remocao_completa,455.88,309.71,10.84,43.06,21,1,0.823,88.0,2.53,profundo,rasa,muitoDistante
PDI_20251008_8264,2025-10-08T14:44:10.912809,Bacia do Ceará,5,2343.06,847.42,22.22,fpso,remocao_completa,1147.08,123.31,675.93,109.69,13,2,0.64,75.4,1.0,intermediario,media,proxima
PDI_20251008_6942,2025-10-08T14:44:10.912910,Bacia do Recôncavo,8,941.73,54.67,178.25,fpso,remocao_completa,788.05,74.16,635.76,105.52,21,2,0.799,92.6,1.42,raso,rasa,distante
PDI_20251008_9920,2025-10-08T14:44:10.913004,Bacia de Santos,6,1357.77,1637.54,276.07,manifold,remocao_parcial,114.35,63.51,10.47,10.09,13,3,0.508,79.1,2.34,raso,profunda,distante
PDI_20251008_7523,2025-10-08T14:44:10.913098,Bacia do Ceará,6,1991.21,124.24,82.7,plataforma_fixa,remocao_completa,403.4,120.97,176.58,39.95,16,1,0.841,92.4,0.94,intermediario,rasa,media
PDI_20251008_3001,2025-10-08T14:44:10.913188,Bacia Potiguar,5,2880.81,982.62,148.42,fpso,remocao_parcial,876.71,164.12,482.15,69.05,11,6,0.791,94.9,1.49,intermediario,media,media
PDI_20251008_4475,2025-10-08T14:44:10.913287,Bacia do Recôncavo,5,745.1,151.24,121.33,plataforma_fixa,remocao_completa,305.68,28.58,224.63,37.69,12,2,0.837,89.3,0.98,raso,rasa,media
PDI_20251008_6464,2025-10-08T14:44:10.913382,Bacia de Campos,5,3011.46,1747.45,42.97,plataforma_fixa,leave_in_place,609.23,284.19,204.53,56.73,8,5,0.817,89.2,1.52,profundo,profunda,proxima
PDI_20251008_4362,2025-10-08T14:44:10.913482,Bacia de Sergipe-Alagoas,8,3515.32,552.26,140.26,fpso,remocao_completa,1157.75,401.7,472.65,110.49,18,2,0.95,95.2,1.54,profundo,media,media
PDI_20251008_4394,2025-10-08T14:44:10.913602,Bacia de Santos,13,3583.87,2219.83,295.84,dutos,remocao_completa,1341.12,760.51,9.53,106.33,41,6,0.643,79.7,3.4,profundo,profunda,distante
PDI_20251008_6383,2025-10-08T14:44:10.913694,Bacia de Sergipe-Alagoas,5,1645.92,822.77,318.3,fpso,leave_in_place,606.19,109.84,396.92,72.52,6,6,0.617,77.3,1.97,intermediario,media,muitoDistante
PDI_20251008_1046,2025-10-08T14:44:10.913803,Bacia do Espírito Santo,10,2609.58,221.42,97.9,dutos,rigs_to_reefs,314.58,198.98,10.66,23.56,15,1,0.578,84.0,1.44,intermediario,rasa,media
PDI_20251008_3129,2025-10-08T14:44:10.913908,Bacia Potiguar,10,1126.57,847.54,247.58,fpso,remocao_parcial,890.86,150.38,588.83,94.25,18,6,0.503,80.0,2.25,raso,media,distante
PDI_20251008_3858,2025-10-08T14:44:10.914013,Bacia do Solimões,10,1932.94,135.8,265.78,manifold,remocao_completa,234.86,147.34,12.29,21.99,23,8,0.899,99.5,1.95,intermediario,rasa,distante
PDI_20251008_3159,2025-10-08T14:44:10.914112,Bacia de Santos,8,3719.83,1394.32,200.98,plataforma_fixa,remocao_completa,705.23,306.54,151.32,58.03,23,2,0.585,83.0,2.17,profundo,media,distante
PDI_20251008_4898,2025-10-08T14:44:10.914206,Bacia de Campos,6,3072.03,1931.39,35.31,manifold,remocao_completa,374.19,259.73,8.56,38.76,16,4,0.828,88.2,1.68,profundo,profunda,proxima
PDI_20251008_3854,2025-10-08T14:44:10.914302,Bacia do Ceará,5,1841.16,833.32,197.17,plataforma_fixa,leave_in_place,426.81,82.94,225.53,41.18,6,6,0.836,93.1,1.57,intermediario,media,distante
PDI_20251008_3076,2025-10-08T14:44:10.914414,Bacia Potiguar,12,3112.51,830.48,229.21,plataforma_fixa,remocao_parcial,804.35,498.72,211.79,74.92,26,1,0.755,87.5,2.38,profundo,media,distante
PDI_20251008_2862,2025-10-08T14:44:10.914505,Bacia de Camamu-Almada,6,3029.46,396.7,115.78,dutos,rigs_to_reefs,198.51,129.51,11.99,17.29,9,3,0.864,98.8,1.18,profundo,rasa,media
PDI_20251008_8344,2025-10-08T14:44:10.914620,Bacia de Santos,8,3722.14,2161.82,301.06,arvore_natal,leave_in_place,857.07,514.81,3.21,53.39,14,8,0.642,75.5,2.88,profundo,profunda,muitoDistante
PDI_20251008_2786,2025-10-08T14:44:10.914712,Bacia do Ceará,6,1342.44,1047.4,207.73,dutos,remocao_parcial,114.26,72.99,16.94,12.93,16,4,0.528,77.5,1.82,raso,media,distante
PDI_20251008_4629,2025-10-08T14:44:10.914809,Bacia do Recôncavo,8,1916.69,111.33,129.76,dutos,remocao_completa,152.11,112.41,21.51,15.77,21,1,0.615,82.3,1.29,intermediario,rasa,media
PDI_20251008_5941,2025-10-08T14:44:10.914901,Bacia de Campos,6,3346.31,1482.2,327.23,dutos,remocao_completa,350.15,267.59,19.21,29.8,18,2,0.556,81.1,2.43,profundo,media,muitoDistante
PDI_20251008_1996,2025-10-08T14:44:10.914998,Bacia do Recôncavo,7,710.69,148.19,311.24,plataforma_fixa,remocao_parcial,275.79,31.21,218.47,33.89,13,3,0.735,85.7,1.81,raso,rasa,muitoDistante
PDI_20251008_7984,2025-10-08T14:44:10.915091,Bacia do Recôncavo,6,1687.14,96.08,396.26,arvore_natal,remocao_completa,71.42,61.06,2.56,6.62,15,3,0.736,89.5,1.97,intermediario,rasa,muitoDistante
PDI_20251008_8267,2025-10-08T14:44:10.915202,Bacia de Santos,8,4310.44,1019.57,215.3,arvore_natal,remocao_parcial,600.21,394.73,3.11,58.1,22,3,0.799,89.0,2.03,profundo,media,distante
PDI_20251008_6277,2025-10-08T14:44:10.915300,Bacia de Santos,4,2964.06,2529.07,304.42,plataforma_fixa,leave_in_place,652.73,220.46,178.6,51.36,8,5,0.692,76.9,2.68,intermediario,profunda,muitoDistante
PDI_20251008_3067,2025-10-08T14:44:10.915382,Bacia do Espírito Santo,2,2712.88,213.47,220.24,plataforma_fixa,rigs_to_reefs,134.01,32.84,64.51,10.7,3,2,0.648,79.7,1.04,intermediario,rasa,distante
PDI_20251008_9984,2025-10-08T14:44:10.915474,Bacia Potiguar,6,1035.18,1315.29,252.52,dutos,remocao_parcial,115.26,66.33,19.28,9.45,13,2,0.844,92.9,2.1,raso,media,distante
PDI_20251008_9692,2025-10-08T14:44:10.915593,Bacia do Ceará,14,2078.83,1052.32,223.37,arvore_natal,remocao_parcial,370.4,270.6,2.74,32.42,39,4,0.503,81.9,2.67,intermediario,media,distante
PDI_20251008_9282,2025-10-08T14:44:10.915684,Bacia Potiguar,4,2924.14,1242.64,53.62,arvore_natal,remocao_completa,69.24,55.85,3.47,8.2,11,5,0.755,87.6,1.2,intermediario,media,media
PDI_20251008_2874,2025-10-08T14:44:10.915790,Bacia de Camamu-Almada,10,2277.71,1227.63,137.51,plataforma_fixa,leave_in_place,429.62,201.46,113.56,45.39,12,4,0.523,82.2,2.07,intermediario,media,media
PDI_20251008_8046,2025-10-08T14:44:10.915882,Bacia do Solimões,6,1650.97,63.65,234.14,fpso,remocao_completa,942.88,75.56,574.39,66.69,15,4,0.818,94.3,1.41,intermediario,rasa,distante
PDI_20251008_7779,2025-10-08T14:44:10.915973,Bacia do Recôncavo,6,1957.73,50.72,74.88,fpso,remocao_completa,746.36,52.51,609.68,71.01,11,1,0.921,98.5,0.87,intermediario,rasa,media
PDI_20251008_7532,2025-10-08T14:44:10.916070,Bacia do Ceará,6,1993.14,1341.28,315.07,arvore_natal,leave_in_place,181.22,128.62,2.56,19.4,8,4,0.772,93.2,2.32,intermediario,media,muitoDistante
PDI_20251008_6120,2025-10-08T14:44:10.916171,Bacia de Camamu-Almada,8,2290.0,656.91,280.05,plataforma_fixa,remocao_parcial,475.06,150.6,163.8,39.38,16,6,0.601,78.6,2.06,intermediario,media,distante
PDI_20251008_5176,2025-10-08T14:44:10.916257,Bacia de Camamu-Almada,3,2591.25,368.75,51.02,manifold,remocao_completa,112.1,65.18,10.32,11.28,6,1,0.919,99.0,0.65,intermediario,rasa,media
PDI_20251008_8770,2025-10-08T14:44:10.916345,Bacia do Ceará,4,2739.76,1074.55,74.41,fpso,remocao_parcial,847.62,75.96,573.72,66.61,10,7,0.844,92.7,1.19,intermediario,media,media
PDI_20251008_2398,2025-10-08T14:44:10.916436,Bacia de Santos,6,1654.35,2658.05,156.23,plataforma_fixa,remocao_completa,281.98,100.39,93.45,19.99,20,6,0.924,95.3,2.45,intermediario,profunda,distante
PDI_20251008_2582,2025-10-08T14:44:10.916539,Bacia de Santos,6,3699.88,1928.07,234.71,arvore_natal,leave_in_place,507.87,325.95,3.49,34.85,8,7,0.769,88.6,2.35,profundo,profunda,distante
PDI_20251008_1982,2025-10-08T14:44:10.916644,Bacia do Ceará,9,1918.85,197.63,382.64,fpso,remocao_completa,1009.57,136.22,612.14,76.71,25,5,0.797,94.5,2.27,intermediario,rasa,muitoDistante
PDI_20251008_6400,2025-10-08T14:44:10.916740,Bacia do Solimões,7,1776.65,40.31,138.58,dutos,remocao_completa,149.67,91.29,10.73,14.25,18,0,0.567,82.0,1.18,intermediario,rasa,media
PDI_20251008_6793,2025-10-08T14:44:10.916836,Bacia de Santos,7,3043.47,2381.48,369.94,arvore_natal,remocao_completa,614.15,358.34,2.79,46.06,27,9,0.552,83.4,3.12,profundo,profunda,muitoDistante
PDI_20251008_5712,2025-10-08T14:44:10.916951,Bacia de Camamu-Almada,13,2027.38,1477.79,399.1,plataforma_fixa,remocao_parcial,465.26,248.43,106.87,48.0,28,10,0.97,98.0,3.37,intermediario,media,muitoDistante
PDI_20251008_2697,2025-10-08T14:44:10.917041,Bacia Potiguar,5,2211.52,344.82,340.54,manifold,corte_afundamento,96.21,68.11,11.9,8.67,8,3,0.617,81.9,1.81,intermediario,rasa,muitoDistante
PDI_20251008_3535,2025-10-08T14:44:10.917127,Bacia do Solimões,4,1520.59,138.44,317.21,fpso,rigs_to_reefs,757.36,57.45,442.45,61.81,6,5,0.81,94.4,1.53,intermediario,rasa,muitoDistante
PDI_20251008_2773,2025-10-08T14:44:10.917241,Bacia do Recôncavo,12,2278.84,122.31,384.28,fpso,remocao_completa,1172.4,192.98,709.21,130.01,28,6,0.657,84.6,2.54,intermediario,rasa,muitoDistante
PDI_20251008_7022,2025-10-08T14:44:10.917338,Bacia do Ceará,7,2254.89,935.94,82.74,dutos,remocao_completa,197.15,147.37,10.38,21.57,17,3,0.787,91.1,1.44,intermediario,media,media
PDI_20251008_4705,2025-10-08T14:44:10.917436,Bacia de Santos,7,4026.28,1877.65,314.22,manifold,leave_in_place,736.63,436.32,10.94,58.52,9,5,0.714,92.0,2.69,profundo,profunda,muitoDistante
PDI_20251008_1430,2025-10-08T14:44:10.917535,Bacia de Camamu-Almada,8,1920.35,893.49,111.01,dutos,remocao_parcial,205.68,148.94,8.74,15.77,15,4,0.578,77.4,1.62,intermediario,media,media
PDI_20251008_3955,2025-10-08T14:44:10.917623,Bacia Potiguar,5,1537.8,575.83,160.81,plataforma_fixa,remocao_parcial,294.09,67.18,199.25,26.77,11,2,0.635,83.6,1.32,intermediario,media,distante
PDI_20251008_6567,2025-10-08T14:44:10.917708,Bacia Potiguar,4,2256.51,1022.1,371.51,manifold,remocao_completa,98.34,69.64,7.71,8.96,13,5,0.826,90.8,2.15,intermediario,media,muitoDistante
PDI_20251008_3972,2025-10-08T14:44:10.917797,Bacia do Ceará,5,1981.54,419.98,56.1,plataforma_fixa,remocao_completa,199.14,61.18,98.08,23.06,10,1,0.74,89.4,0.9,intermediario,rasa,media
PDI_20251008_7566,2025-10-08T14:44:10.917893,Bacia do Espírito Santo,8,2908.32,261.12,148.11,dutos,remocao_completa,292.89,199.07,11.01,27.59,22,0,0.976,97.1,1.42,intermediario,rasa,media
PDI_20251008_1502,2025-10-08T14:44:10.917987,Bacia de Santos,6,3124.88,2021.93,289.07,fpso,remocao_completa,879.68,199.84,392.76,66.26,25,5,0.97,100.0,2.57,profundo,profunda,distante
PDI_20251008_4524,2025-10-08T14:44:10.918100,Bacia de Santos,12,3504.09,2237.19,76.38,dutos,remocao_completa,1164.7,648.32,13.34,83.55,51,3,0.961,99.9,2.57,profundo,profunda,media
PDI_20251008_8432,2025-10-08T14:44:10.918199,Bacia de Camamu-Almada,7,1739.59,682.61,344.47,arvore_natal,remocao_completa,163.13,107.75,3.1,14.61,16,8,0.749,89.5,2.19,intermediario,media,muitoDistante
PDI_20251008_7062,2025-10-08T14:44:10.918301,Bacia do Ceará,9,2327.43,1064.24,331.72,fpso,leave_in_place,1148.78,218.36,672.55,97.6,10,3,0.664,85.0,2.54,intermediario,media,muitoDistante
PDI_20251008_2391,2025-10-08T14:44:10.918393,Bacia Potiguar,6,2296.42,936.41,282.46,manifold,remocao_completa,163.98,121.86,6.58,18.42,15,4,0.927,99.9,2.01,intermediario,media,distante
PDI_20251008_3579,2025-10-08T14:44:10.918501,Bacia de Campos,10,4137.2,1773.79,207.94,fpso,remocao_completa,1395.97,604.4,398.88,139.2,28,5,0.918,98.2,2.58,profundo,profunda,distante
PDI_20251008_5458,2025-10-08T14:44:10.918613,Bacia de Campos,6,2287.82,1229.78,40.77,plataforma_fixa,remocao_completa,242.71,122.79,74.62,20.48,18,2,0.88,99.9,1.35,intermediario,media,proxima
PDI_20251008_8957,2025-10-08T14:44:10.918738,Bacia do Recôncavo,9,698.62,27.63,357.4,arvore_natal,remocao_parcial,105.06,82.61,2.91,10.1,20,5,0.602,76.3,2.11,raso,rasa,muitoDistante
PDI_20251008_5475,2025-10-08T14:44:10.918836,Bacia do Recôncavo,7,1724.86,38.04,173.85,arvore_natal,rigs_to_reefs,121.02,102.54,3.48,15.09,10,1,0.644,80.6,1.3,intermediario,rasa,distante
PDI_20251008_2864,2025-10-08T14:44:10.918943,Bacia de Sergipe-Alagoas,11,1591.76,712.22,399.18,dutos,leave_in_place,199.14,136.9,9.02,15.93,11,6,0.734,85.1,2.79,intermediario,media,muitoDistante
PDI_20251008_2816,2025-10-08T14:44:10.919046,Bacia do Ceará,9,1930.64,565.07,198.12,arvore_natal,leave_in_place,248.24,168.62,3.45,24.48,10,2,0.899,95.9,1.84,intermediario,media,distante
PDI_20251008_8972,2025-10-08T14:44:10.919128,Bacia Potiguar,3,2949.19,1279.26,89.45,dutos,leave_in_place,132.81,101.06,11.31,13.85,3,1,0.716,85.0,1.24,intermediario,media,media
PDI_20251008_1744,2025-10-08T14:44:10.919224,Bacia do Solimões,5,1473.96,9.96,180.29,manifold,remocao_completa,101.27,51.61,10.77,7.4,9,6,0.848,89.5,1.11,raso,rasa,distante
PDI_20251008_1897,2025-10-08T14:44:10.919326,Bacia de Sergipe-Alagoas,9,1482.32,472.36,163.88,arvore_natal,remocao_completa,135.95,94.55,3.0,10.05,21,4,0.737,89.9,1.68,raso,rasa,distante
PDI_20251008_5938,2025-10-08T14:44:10.919419,Bacia de Campos,6,3288.16,1090.13,133.44,fpso,remocao_parcial,1255.12,284.53,665.59,110.15,11,6,0.514,78.9,1.59,profundo,media,media
PDI_20251008_5186,2025-10-08T14:44:10.919501,Bacia de Sergipe-Alagoas,3,1147.61,869.32,320.45,fpso,remocao_completa,752.29,53.5,591.32,78.47,8,2,0.81,94.1,1.8,raso,media,muitoDistante
PDI_20251008_2965,2025-10-08T14:44:10.919607,Bacia Potiguar,9,3013.3,613.92,55.02,manifold,leave_in_place,406.26,317.57,11.91,42.5,11,4,0.648,81.0,1.39,profundo,media,media
PDI_20251008_8055,2025-10-08T14:44:10.919764,Bacia de Campos,7,3284.99,2028.08,330.95,arvore_natal,leave_in_place,518.21,354.76,2.59,48.92,11,6,0.588,77.3,2.82,profundo,profunda,muitoDistante
PDI_20251008_7229,2025-10-08T14:44:10.919888,Bacia do Espírito Santo,11,2792.83,713.09,202.14,fpso,remocao_parcial,1505.25,314.39,717.99,119.75,19,2,0.657,77.7,2.13,intermediario,media,distante
PDI_20251008_9196,2025-10-08T14:44:10.919977,Bacia do Solimões,4,1663.28,164.12,101.95,fpso,corte_afundamento,604.35,42.72,383.68,58.5,7,3,0.838,94.3,0.82,intermediario,rasa,media
PDI_20251008_2180,2025-10-08T14:44:10.920076,Bacia do Solimões,7,2462.47,84.59,321.72,manifold,remocao_completa,211.91,134.1,8.96,17.32,15,2,0.72,90.7,1.81,intermediario,rasa,muitoDistante
PDI_20251008_8147,2025-10-08T14:44:10.920204,Bacia de Camamu-Almada,13,4887.45,1212.8,381.75,plataforma_fixa,remocao_parcial,1426.92,922.51,153.74,141.69,30,8,0.909,95.2,3.18,profundo,media,muitoDistante
PDI_20251008_2275,2025-10-08T14:44:10.920307,Bacia de Campos,5,2225.87,1848.37,349.56,arvore_natal,remocao_completa,174.52,124.62,3.3,18.89,12,6,0.548,76.2,2.59,intermediario,profunda,muitoDistante
PDI_20251008_8033,2025-10-08T14:44:10.920420,Bacia do Ceará,12,1869.73,363.2,37.31,dutos,rigs_to_reefs,255.52,197.85,5.05,26.34,17,5,0.669,83.4,1.51,intermediario,rasa,proxima
PDI_20251008_5743,2025-10-08T14:44:10.920513,Bacia de Camamu-Almada,5,3849.27,939.35,358.57,arvore_natal,remocao_completa,338.3,247.59,3.15,25.58,10,4,0.897,98.7,2.16,profundo,media,muitoDistante
PDI_20251008_1341,2025-10-08T14:44:10.920612,Bacia de Santos,3,3014.28,3237.66,159.07,arvore_natal,remocao_parcial,246.35,135.19,3.26,14.08,9,3,0.523,84.6,2.45,profundo,ultraProfunda,distante
PDI_20251008_8538,2025-10-08T14:44:10.920721,Bacia do Ceará,10,3079.79,335.74,393.53,fpso,remocao_completa,1044.1,301.76,574.97,88.67,28,6,0.763,92.7,2.48,profundo,rasa,muitoDistante
PDI_20251008_8155,2025-10-08T14:44:10.920827,Bacia do Ceará,10,1304.05,984.87,379.78,plataforma_fixa,remocao_parcial,500.1,143.13,189.1,41.68,20,7,0.572,78.2,2.76,raso,media,muitoDistante
PDI_20251008_8138,2025-10-08T14:44:10.920917,Bacia de Santos,4,2350.09,1978.19,62.9,fpso,remocao_completa,1268.29,144.47,676.86,96.05,11,2,0.844,93.1,1.6,intermediario,profunda,media
PDI_20251008_2288,2025-10-08T14:44:10.921008,Bacia de Camamu-Almada,4,1533.33,656.39,35.16,dutos,leave_in_place,73.75,44.29,9.53,7.83,5,1,0.866,95.5,0.85,intermediario,media,proxima
PDI_20251008_6562,2025-10-08T14:44:10.921116,Bacia de Camamu-Almada,9,1864.97,636.72,140.03,manifold,remocao_completa,315.63,208.34,7.34,30.13,18,3,0.619,75.3,1.69,intermediario,media,media
PDI_20251008_3754,2025-10-08T14:44:10.921229,Bacia de Sergipe-Alagoas,10,2799.63,762.76,144.63,manifold,remocao_completa,411.19,329.21,8.69,44.46,19,7,0.973,98.3,1.86,intermediario,media,media
PDI_20251008_2868,2025-10-08T14:44:10.921345,Bacia de Santos,12,2038.77,1331.64,30.12,dutos,remocao_completa,400.58,249.85,21.58,29.19,33,1,0.782,87.0,1.97,intermediario,media,proxima
PDI_20251008_4176,2025-10-08T14:44:10.921453,Bacia do Solimões,11,773.74,59.64,268.69,dutos,remocao_parcial,164.98,79.35,19.42,11.02,17,5,0.543,81.5,2.03,raso,rasa,distante
PDI_20251008_3419,2025-10-08T14:44:10.921561,Bacia do Ceará,11,2130.61,272.26,299.63,manifold,rigs_to_reefs,263.3,184.87,10.77,20.13,20,3,0.656,76.3,2.23,intermediario,rasa,distante
PDI_20251008_3399,2025-10-08T14:44:10.921669,Bacia de Sergipe-Alagoas,11,2387.49,266.37,79.53,plataforma_fixa,corte_afundamento,427.94,237.97,96.74,43.25,17,6,0.706,90.3,1.5,intermediario,rasa,media
PDI_20251008_3842,2025-10-08T14:44:10.921781,Bacia Potiguar,12,2211.46,1438.75,229.71,fpso,remocao_completa,1113.5,294.32,650.47,128.01,32,8,0.965,98.0,2.69,intermediario,media,distante
PDI_20251008_3902,2025-10-08T14:44:10.921864,Bacia do Espírito Santo,3,2441.63,1054.97,237.84,plataforma_fixa,leave_in_place,377.39,62.88,218.07,31.91,4,9,0.869,96.4,1.62,intermediario,media,distante
PDI_20251008_8354,2025-10-08T14:44:10.921980,Bacia do Recôncavo,13,1097.43,87.01,360.99,arvore_natal,remocao_completa,103.73,83.58,2.57,9.46,35,5,0.901,95.5,2.55,raso,rasa,muitoDistante
PDI_20251008_3473,2025-10-08T14:44:10.922078,Bacia do Ceará,7,2244.58,555.81,208.23,manifold,remocao_completa,246.67,179.18,9.81,26.9,15,4,0.622,82.9,1.67,intermediario,media,distante
PDI_20251008_8682,2025-10-08T14:44:10.922161,Bacia do Recôncavo,3,1471.89,95.32,17.62,plataforma_fixa,remocao_completa,171.17,36.33,120.93,20.97,5,1,0.709,94.6,0.41,raso,rasa,proxima
PDI_20251008_5500,2025-10-08T14:44:10.922256,Bacia do Recôncavo,7,1996.05,119.34,213.44,manifold,remocao_completa,117.44,94.32,8.53,14.08,14,4,0.657,75.5,1.47,intermediario,rasa,distante
PDI_20251008_9312,2025-10-08T14:44:10.922356,Bacia de Campos,6,3744.03,1475.71,372.1,manifold,leave_in_place,382.73,259.38,9.95,40.25,7,4,0.532,82.7,2.58,profundo,media,muitoDistante
PDI_20251008_8565,2025-10-08T14:44:10.922439,Bacia de Santos,3,2849.68,2215.01,150.58,manifold,leave_in_place,208.7,127.6,11.68,14.56,5,1,0.821,92.7,1.91,intermediario,profunda,distante
PDI_20251008_1932,2025-10-08T14:44:10.922601,Bacia do Recôncavo,11,1969.0,96.75,60.62,plataforma_fixa,remocao_completa,292.61,180.83,80.44,29.71,28,5,0.92,99.3,1.35,intermediario,rasa,media
PDI_20251008_2257,2025-10-08T14:44:10.922720,Bacia do Ceará,6,3526.8,1140.48,90.94,manifold,remocao_completa,429.12,320.38,11.34,40.04,14,4,0.69,78.1,1.47,profundo,media,media
PDI_20251008_9307,2025-10-08T14:44:10.922832,Bacia de Santos,11,2675.96,1600.76,149.87,dutos,remocao_parcial,777.41,465.04,5.85,64.43,26,5,0.801,94.3,2.4,intermediario,profunda,media
PDI_20251008_1672,2025-10-08T14:44:10.922925,Bacia de Camamu-Almada,5,2925.45,1410.42,92.45,arvore_natal,leave_in_place,258.76,181.37,3.33,19.88,7,3,0.695,82.3,1.51,intermediario,media,media
PDI_20251008_4084,2025-10-08T14:44:10.923240,Bacia do Recôncavo,9,2221.64,110.63,88.49,dutos,remocao_completa,198.04,136.0,22.86,16.6,24,1,0.705,92.1,1.25,intermediario,rasa,media
PDI_20251008_8792,2025-10-08T14:44:10.923346,Bacia do Ceará,9,1375.34,1213.09,176.59,dutos,remocao_completa,113.41,70.19,19.11,12.03,29,4,0.677,81.6,2.1,raso,media,distante
PDI_20251008_2013,2025-10-08T14:44:10.923439,Bacia do Solimões,6,2155.03,16.62,198.08,fpso,remocao_completa,1192.48,73.87,629.43,102.33,14,3,0.588,81.4,1.27,intermediario,rasa,distante
PDI_20251008_6626,2025-10-08T14:44:10.923535,Bacia do Recôncavo,7,1017.18,90.53,64.06,plataforma_fixa,rigs_to_reefs,221.52,39.87,167.52,26.79,13,7,0.945,96.7,0.96,raso,rasa,media
PDI_20251008_3827,2025-10-08T14:44:10.923639,Bacia de Santos,4,3508.94,1714.56,165.08,dutos,leave_in_place,395.41,216.5,6.72,31.57,4,4,0.532,75.2,1.81,profundo,profunda,distante
PDI_20251008_8172,2025-10-08T14:44:10.923753,Bacia de Campos,10,2719.24,2015.68,42.13,fpso,leave_in_place,1514.92,379.59,663.1,122.1,21,5,0.834,87.9,2.15,intermediario,profunda,proxima
PDI_20251008_9564,2025-10-08T14:44:10.923865,Bacia do Recôncavo,10,1406.77,155.45,313.65,dutos,remocao_completa,123.48,105.92,7.67,11.96,21,5,0.612,76.2,2.12,raso,rasa,muitoDistante
PDI_20251008_7108,2025-10-08T14:44:10.923954,Bacia do Espírito Santo,4,2369.19,936.4,34.67,manifold,remocao_completa,124.4,78.86,10.75,11.29,9,0,0.98,98.0,0.98,intermediario,media,proxima
PDI_20251008_7697,2025-10-08T14:44:10.924065,Bacia Potiguar,10,3033.99,651.23,371.52,arvore_natal,leave_in_place,465.28,342.02,2.82,39.8,13,8,0.905,96.4,2.56,profundo,media,muitoDistante
PDI_20251008_1857,2025-10-08T14:44:10.924155,Bacia do Ceará,4,2090.15,825.11,128.3,dutos,leave_in_place,124.17,86.65,5.11,11.33,4,1,0.636,77.0,1.24,intermediario,media,media
PDI_20251008_6401,2025-10-08T14:44:10.924258,Bacia do Ceará,9,3164.85,1191.73,346.6,plataforma_fixa,remocao_completa,614.64,346.14,105.71,61.71,28,3,0.51,82.3,2.65,profundo,media,muitoDistante
PDI_20251008_7333,2025-10-08T14:44:10.924350,Bacia de Santos,6,3854.37,2375.67,91.87,dutos,leave_in_place,680.88,368.75,6.35,54.64,11,2,0.976,95.2,2.09,profundo,profunda,media
PDI_20251008_3463,2025-10-08T14:44:10.924461,Bacia Potiguar,12,1999.57,410.38,239.94,manifold,rigs_to_reefs,275.25,191.07,9.94,25.78,16,5,0.779,88.0,2.2,intermediario,rasa,distante
PDI_20251008_3317,2025-10-08T14:44:10.924577,Bacia do Ceará,10,2993.44,260.19,292.83,plataforma_fixa,rigs_to_reefs,450.13,257.04,99.66,50.91,18,2,0.583,83.2,2.11,intermediario,rasa,distante
PDI_20251008_7421,2025-10-08T14:44:10.924686,Bacia do Ceará,9,2717.23,766.54,201.74,manifold,leave_in_place,374.66,264.22,12.08,40.44,12,3,0.815,94.5,1.96,intermediario,media,distante
PDI_20251008_2388,2025-10-08T14:44:10.924782,Bacia do Espírito Santo,7,1762.21,251.84,146.44,dutos,remocao_completa,127.9,77.77,6.21,12.59,16,3,0.73,88.0,1.31,intermediario,rasa,media
PDI_20251008_7171,2025-10-08T14:44:10.924873,Bacia Potiguar,6,1274.53,781.97,30.97,dutos,remocao_parcial,90.05,68.67,8.43,8.6,9,2,0.667,78.1,1.09,raso,media,proxima
PDI_20251008_9624,2025-10-08T14:44:10.924964,Bacia do Ceará,6,1014.27,739.67,63.74,fpso,leave_in_place,1047.31,60.86,690.01,109.33,7,4,0.962,95.5,1.18,raso,media,media
PDI_20251008_9331,2025-10-08T14:44:10.925053,Bacia de Santos,3,4231.08,2455.63,51.86,arvore_natal,remocao_completa,268.32,161.24,2.93,17.44,10,7,0.913,97.2,1.7,profundo,profunda,media
PDI_20251008_6940,2025-10-08T14:44:10.925158,Bacia do Ceará,10,2867.4,1050.79,89.49,plataforma_fixa,remocao_parcial,589.84,345.13,149.09,63.39,27,8,0.899,97.0,1.82,intermediario,media,media
PDI_20251008_4509,2025-10-08T14:44:10.925246,Bacia Potiguar,5,1705.29,744.28,119.98,fpso,remocao_parcial,902.13,74.95,610.82,98.89,8,4,0.967,96.9,1.27,intermediario,media,media
PDI_20251008_4145,2025-10-08T14:44:10.925340,Bacia do Ceará,6,1480.43,1024.87,376.12,arvore_natal,remocao_completa,65.32,50.87,3.05,5.6,20,8,0.714,91.1,2.37,raso,media,muitoDistante
PDI_20251008_3538,2025-10-08T14:44:10.925454,Bacia de Sergipe-Alagoas,2,3129.35,1245.85,204.87,fpso,remocao_completa,964.68,74.81,692.06,110.37,6,3,0.947,99.4,1.51,profundo,media,distante
PDI_20251008_2657,2025-10-08T14:44:10.925573,Bacia de Santos,11,3368.02,2235.96,141.56,manifold,remocao_parcial,1252.28,666.81,11.72,91.96,38,3,0.624,84.0,2.69,profundo,profunda,media
